ISO-10303-21;
HEADER;
FILE_DESCRIPTION (( 'STEP AP214' ),
    '1' );
FILE_NAME ('3.5.STEP',
    '2026-03-05T03:51:45',
    ( '' ),
    ( '' ),
    'SwSTEP 2.0',
    'SolidWorks 2025',
    '' );
FILE_SCHEMA (( 'AUTOMOTIVE_DESIGN' ));
ENDSEC;

DATA;
#1 = FACE_OUTER_BOUND ( 'NONE', #850, .T. ) ;
#2 = ORIENTED_EDGE ( 'NONE', *, *, #895, .T. ) ;
#3 = VECTOR ( 'NONE', #1203, 1000.000000000000000 ) ;
#4 = VECTOR ( 'NONE', #694, 1000.000000000000000 ) ;
#5 = FACE_OUTER_BOUND ( 'NONE', #9, .T. ) ;
#6 = CARTESIAN_POINT ( 'NONE',  ( 188.2265848966628141, 64.09811519283385906, -224.2110494023042691 ) ) ;
#7 = EDGE_CURVE ( 'NONE', #1622, #1091, #250, .T. ) ;
#8 = FACE_OUTER_BOUND ( 'NONE', #1611, .T. ) ;
#9 = EDGE_LOOP ( 'NONE', ( #997, #1037, #102, #1385, #1045 ) ) ;
#10 = SURFACE_SIDE_STYLE ('',( #1527 ) ) ;
#11 = PLANE ( 'NONE',  #392 ) ;
#12 = DIRECTION ( 'NONE',  ( 0.000000000000000000, -1.224646799147353207E-16, 1.000000000000000000 ) ) ;
#13 = ADVANCED_FACE ( 'NONE', ( #1424 ), #1408, .F. ) ;
#14 = CARTESIAN_POINT ( 'NONE',  ( 188.2265848966628141, 79.09811519283384484, -224.2110494023042691 ) ) ;
#15 = EDGE_LOOP ( 'NONE', ( #216, #581, #176, #1548, #966, #1501 ) ) ;
#16 = LINE ( 'NONE', #551, #1626 ) ;
#17 = CARTESIAN_POINT ( 'NONE',  ( 88.81210243460863296, 64.09811519283384484, -210.2423654840108043 ) ) ;
#18 = FACE_OUTER_BOUND ( 'NONE', #795, .T. ) ;
#19 = CARTESIAN_POINT ( 'NONE',  ( -59.86476303741910243, 87.09811519283383063, -113.7688366232470827 ) ) ;
#20 = EDGE_LOOP ( 'NONE', ( #28, #964, #1554, #1179, #88 ) ) ;
#21 = ADVANCED_FACE ( 'NONE', ( #309 ), #686, .T. ) ;
#22 = AXIS2_PLACEMENT_3D ( 'NONE', #203, #932, #1080 ) ;
#23 = DIRECTION ( 'NONE',  ( 1.000000000000000000, 0.000000000000000000, 0.000000000000000000 ) ) ;
#24 = VECTOR ( 'NONE', #23, 1000.000000000000000 ) ;
#25 = VECTOR ( 'NONE', #571, 1000.000000000000114 ) ;
#26 = LINE ( 'NONE', #528, #372 ) ;
#27 = PLANE ( 'NONE',  #236 ) ;
#28 = ORIENTED_EDGE ( 'NONE', *, *, #1619, .F. ) ;
#29 = EDGE_CURVE ( 'NONE', #1327, #1330, #412, .T. ) ;
#30 = DIRECTION ( 'NONE',  ( 0.8660254037844170583, 6.123233995737225794E-17, -0.5000000000000376366 ) ) ;
#31 = CARTESIAN_POINT ( 'NONE',  ( -59.86476303742259830, 79.09811519283385906, -229.7392458082759674 ) ) ;
#32 = ORIENTED_EDGE ( 'NONE', *, *, #1635, .F. ) ;
#33 = CARTESIAN_POINT ( 'NONE',  ( 186.4558320160796825, 79.09811519283384484, -110.3790313915409769 ) ) ;
#34 = PLANE ( 'NONE',  #1307 ) ;
#35 = ORIENTED_EDGE ( 'NONE', *, *, #1240, .T. ) ;
#36 = DIRECTION ( 'NONE',  ( -0.8660254037844387076, -6.123233995736758640E-17, 0.4999999999999997224 ) ) ;
#37 = CARTESIAN_POINT ( 'NONE',  ( 186.4878857691415988, 79.09811519283383063, -45.49402122909149426 ) ) ;
#38 = EDGE_LOOP ( 'NONE', ( #1124, #950, #47, #1216 ) ) ;
#39 = DIRECTION ( 'NONE',  ( 0.000000000000000000, -1.224646799147353207E-16, 1.000000000000000000 ) ) ;
#40 = CARTESIAN_POINT ( 'NONE',  ( 113.8121024346086188, 64.09811519283384484, -166.9410952947888802 ) ) ;
#41 = PRODUCT_DEFINITION_SHAPE ( 'NONE', 'NONE',  #1378 ) ;
#42 = VERTEX_POINT ( 'NONE', #1444 ) ;
#43 = EDGE_CURVE ( 'NONE', #985, #1473, #560, .T. ) ;
#44 = LINE ( 'NONE', #1449, #1150 ) ;
#45 = CARTESIAN_POINT ( 'NONE',  ( 175.7265848966628141, 64.09811519283385906, -245.8616844969152169 ) ) ;
#46 = DIRECTION ( 'NONE',  ( 0.000000000000000000, 1.000000000000000000, 1.224646799147353207E-16 ) ) ;
#47 = ORIENTED_EDGE ( 'NONE', *, *, #1215, .F. ) ;
#48 = FACE_OUTER_BOUND ( 'NONE', #1289, .T. ) ;
#49 = LINE ( 'NONE', #1434, #314 ) ;
#50 = VECTOR ( 'NONE', #220, 1000.000000000000000 ) ;
#51 = CARTESIAN_POINT ( 'NONE',  ( 175.3821228540478785, 64.09811519283383063, -91.19880449465743766 ) ) ;
#52 = VECTOR ( 'NONE', #1085, 1000.000000000000000 ) ;
#53 = ORIENTED_EDGE ( 'NONE', *, *, #89, .T. ) ;
#54 = VECTOR ( 'NONE', #712, 1000.000000000000000 ) ;
#55 = DIRECTION ( 'NONE',  ( -0.9999741542096702851, 8.804768703867119385E-19, -0.007189639257618885698 ) ) ;
#56 = CARTESIAN_POINT ( 'NONE',  ( 37.49273753209232041, 87.09811519283383063, -169.8765711180777203 ) ) ;
#57 = ADVANCED_FACE ( 'NONE', ( #1590 ), #1451, .F. ) ;
#58 = DIRECTION ( 'NONE',  ( 0.000000000000000000, 1.000000000000000000, 1.224646799147353207E-16 ) ) ;
#59 = ORIENTED_EDGE ( 'NONE', *, *, #1498, .T. ) ;
#60 = EDGE_LOOP ( 'NONE', ( #1185, #1231, #70, #433, #95, #1629, #157, #890, #391, #1593, #199, #927, #880, #1602, #1008, #1316, #402, #191, #163, #896, #522, #472, #379, #607, #1147, #196 ) ) ;
#61 = DIRECTION ( 'NONE',  ( 0.5000000000000003331, -1.060575238724906175E-16, 0.8660254037844383745 ) ) ;
#62 = CARTESIAN_POINT ( 'NONE',  ( -59.86476303742259830, 87.09811519283384484, -219.5006361682775946 ) ) ;
#63 = ORIENTED_EDGE ( 'NONE', *, *, #916, .T. ) ;
#64 = CARTESIAN_POINT ( 'NONE',  ( 149.4878857691416272, 87.09811519283385906, -287.5006361682775946 ) ) ;
#65 = LINE ( 'NONE', #193, #930 ) ;
#66 = CARTESIAN_POINT ( 'NONE',  ( 150.4531682710032214, 79.09811519283385906, -231.2700706047491224 ) ) ;
#67 = ORIENTED_EDGE ( 'NONE', *, *, #134, .F. ) ;
#68 = ORIENTED_EDGE ( 'NONE', *, *, #1534, .F. ) ;
#69 = LINE ( 'NONE', #951, #1467 ) ;
#70 = ORIENTED_EDGE ( 'NONE', *, *, #931, .F. ) ;
#71 = LINE ( 'NONE', #200, #1441 ) ;
#72 = ORIENTED_EDGE ( 'NONE', *, *, #481, .T. ) ;
#73 = DIRECTION ( 'NONE',  ( 0.8660254037844780095, -6.123233995735929104E-17, 0.4999999999999318323 ) ) ;
#74 = CARTESIAN_POINT ( 'NONE',  ( 150.4531682710032214, 79.09811519283385906, -231.2700706047491224 ) ) ;
#75 = CARTESIAN_POINT ( 'NONE',  ( 113.8121024346086188, 79.09811519283384484, -166.9410952947888802 ) ) ;
#76 = ORIENTED_EDGE ( 'NONE', *, *, #1164, .F. ) ;
#77 = DIRECTION ( 'NONE',  ( -0.000000000000000000, 1.000000000000000000, 1.224646799147353207E-16 ) ) ;
#78 = EDGE_CURVE ( 'NONE', #258, #1380, #1581, .T. ) ;
#79 = ORIENTED_EDGE ( 'NONE', *, *, #1127, .T. ) ;
#80 = CARTESIAN_POINT ( 'NONE',  ( 36.59195060474183947, 79.09811519283384484, -168.0354702066833568 ) ) ;
#81 = EDGE_LOOP ( 'NONE', ( #305, #269, #460, #1485 ) ) ;
#82 = CARTESIAN_POINT ( 'NONE',  ( 13.81210243460861875, 64.09811519283384484, -166.9410952947888518 ) ) ;
#83 = ADVANCED_FACE ( 'NONE', ( #1214 ), #1478, .F. ) ;
#84 = AXIS2_PLACEMENT_3D ( 'NONE', #1261, #1630, #112 ) ;
#85 = AXIS2_PLACEMENT_3D ( 'NONE', #1430, #1544, #1304 ) ;
#86 = DIRECTION ( 'NONE',  ( 1.000000000000000000, 0.000000000000000000, 0.000000000000000000 ) ) ;
#87 = VECTOR ( 'NONE', #1642, 1000.000000000000000 ) ;
#88 = ORIENTED_EDGE ( 'NONE', *, *, #568, .F. ) ;
#89 = EDGE_CURVE ( 'NONE', #300, #734, #1353, .T. ) ;
#90 = FACE_OUTER_BOUND ( 'NONE', #669, .T. ) ;
#91 = EDGE_LOOP ( 'NONE', ( #656, #1606, #335, #513, #961, #441 ) ) ;
#92 = DIRECTION ( 'NONE',  ( 1.000000000000000000, 0.000000000000000000, 0.000000000000000000 ) ) ;
#93 = CARTESIAN_POINT ( 'NONE',  ( 107.6171054847834938, 79.09811519283385906, -177.6711447646202089 ) ) ;
#94 = ORIENTED_EDGE ( 'NONE', *, *, #175, .T. ) ;
#95 = ORIENTED_EDGE ( 'NONE', *, *, #43, .T. ) ;
#96 = ORIENTED_EDGE ( 'NONE', *, *, #1644, .T. ) ;
#97 = DIRECTION ( 'NONE',  ( 0.000000000000000000, -1.224646799147353207E-16, 1.000000000000000000 ) ) ;
#98 = ORIENTED_EDGE ( 'NONE', *, *, #1176, .F. ) ;
#99 = LINE ( 'NONE', #1387, #1499 ) ;
#100 = CARTESIAN_POINT ( 'NONE',  ( -22.86476303741909888, 79.09811519283384484, -113.7688366232470827 ) ) ;
#101 = VERTEX_POINT ( 'NONE', #567 ) ;
#102 = ORIENTED_EDGE ( 'NONE', *, *, #1204, .T. ) ;
#103 = ORIENTED_EDGE ( 'NONE', *, *, #1192, .F. ) ;
#104 = LINE ( 'NONE', #1013, #822 ) ;
#105 = EDGE_CURVE ( 'NONE', #603, #327, #1223, .T. ) ;
#106 = DIRECTION ( 'NONE',  ( -0.8660254037844383745, 6.123233995736769734E-17, -0.5000000000000004441 ) ) ;
#107 = VECTOR ( 'NONE', #962, 1000.000000000000000 ) ;
#108 = VECTOR ( 'NONE', #1461, 1000.000000000000114 ) ;
#109 = ORIENTED_EDGE ( 'NONE', *, *, #355, .T. ) ;
#110 = PRODUCT_DEFINITION_FORMATION_WITH_SPECIFIED_SOURCE ( 'ไป', '', #1086, .NOT_KNOWN. ) ;
#111 = VERTEX_POINT ( 'NONE', #838 ) ;
#112 = DIRECTION ( 'NONE',  ( -1.000000000000000000, 0.000000000000000000, 0.000000000000000000 ) ) ;
#113 = FACE_OUTER_BOUND ( 'NONE', #1610, .T. ) ;
#114 = LINE ( 'NONE', #210, #1125 ) ;
#115 = CARTESIAN_POINT ( 'NONE',  ( -59.86476303742259830, 79.09811519283385906, -287.5006361682775946 ) ) ;
#116 = EDGE_CURVE ( 'NONE', #333, #544, #454, .T. ) ;
#117 = VERTEX_POINT ( 'NONE', #970 ) ;
#118 = EDGE_CURVE ( 'NONE', #754, #1217, #829, .T. ) ;
#119 = DIRECTION ( 'NONE',  ( 1.067458724959038956E-32, -1.000000000000000000, -1.224646799147352961E-16 ) ) ;
#120 = DIRECTION ( 'NONE',  ( -1.000000000000000000, 0.000000000000000000, 0.000000000000000000 ) ) ;
#121 = CARTESIAN_POINT ( 'NONE',  ( 149.4878857691416272, 87.09811519283385906, -287.5006361682775946 ) ) ;
#122 = ORIENTED_EDGE ( 'NONE', *, *, #973, .T. ) ;
#123 = ADVANCED_FACE ( 'NONE', ( #195 ), #431, .F. ) ;
#124 = DIRECTION ( 'NONE',  ( -0.000000000000000000, -1.000000000000000000, -1.224646799147353207E-16 ) ) ;
#125 = FACE_OUTER_BOUND ( 'NONE', #1326, .T. ) ;
#126 = CARTESIAN_POINT ( 'NONE',  ( 175.7265848966628141, 79.09811519283385906, -245.8616844969152169 ) ) ;
#127 = AXIS2_PLACEMENT_3D ( 'NONE', #617, #106, #878 ) ;
#128 = ORIENTED_EDGE ( 'NONE', *, *, #931, .T. ) ;
#129 = AXIS2_PLACEMENT_3D ( 'NONE', #1446, #1053, #293 ) ;
#130 = ORIENTED_EDGE ( 'NONE', *, *, #349, .T. ) ;
#131 = VECTOR ( 'NONE', #119, 1000.000000000000000 ) ;
#132 = VECTOR ( 'NONE', #1084, 1000.000000000000000 ) ;
#133 = DIRECTION ( 'NONE',  ( 0.000000000000000000, 1.224646799147353207E-16, -1.000000000000000000 ) ) ;
#134 = EDGE_CURVE ( 'NONE', #117, #182, #816, .T. ) ;
#135 = PLANE ( 'NONE',  #908 ) ;
#136 = DIRECTION ( 'NONE',  ( 1.000000000000000000, 0.000000000000000000, 0.000000000000000000 ) ) ;
#137 = ORIENTED_EDGE ( 'NONE', *, *, #349, .F. ) ;
#138 = ADVANCED_FACE ( 'NONE', ( #1458 ), #1336, .T. ) ;
#139 = CARTESIAN_POINT ( 'NONE',  ( 186.4878857691415703, 87.09811519283385906, -287.5006361682775946 ) ) ;
#140 = DIRECTION ( 'NONE',  ( -0.4999999999999995559, -1.060575238724906792E-16, 0.8660254037844389297 ) ) ;
#141 = DIRECTION ( 'NONE',  ( -1.000000000000000000, -1.444447458290427163E-32, 1.188285581044113106E-16 ) ) ;
#142 = DIRECTION ( 'NONE',  ( 0.8660254037844780095, -6.123233995735929104E-17, 0.4999999999999318323 ) ) ;
#143 = ADVANCED_FACE ( 'NONE', ( #579 ), #1070, .F. ) ;
#144 = ORIENTED_EDGE ( 'NONE', *, *, #1405, .F. ) ;
#145 = CARTESIAN_POINT ( 'NONE',  ( 149.4878857691416556, 87.09811519283383063, -113.4940212290915014 ) ) ;
#146 = CARTESIAN_POINT ( 'NONE',  ( -22.86476303742259830, 79.09811519283385906, -231.2303332925912400 ) ) ;
#147 = EDGE_LOOP ( 'NONE', ( #98, #214, #1349, #1250 ) ) ;
#148 = LINE ( 'NONE', #805, #1044 ) ;
#149 = LINE ( 'NONE', #511, #637 ) ;
#150 = EDGE_CURVE ( 'NONE', #1448, #937, #424, .T. ) ;
#151 = ORIENTED_EDGE ( 'NONE', *, *, #990, .T. ) ;
#152 = LINE ( 'NONE', #145, #415 ) ;
#153 = MECHANICAL_DESIGN_GEOMETRIC_PRESENTATION_REPRESENTATION (  '', ( #640 ), #748 ) ;
#154 = VERTEX_POINT ( 'NONE', #1633 ) ;
#155 = VECTOR ( 'NONE', #999, 1000.000000000000000 ) ;
#156 = DIRECTION ( 'NONE',  ( 0.8660254037844780095, -6.123233995735930336E-17, 0.4999999999999318878 ) ) ;
#157 = ORIENTED_EDGE ( 'NONE', *, *, #820, .T. ) ;
#158 = CARTESIAN_POINT ( 'NONE',  ( 188.2265848966628141, 79.09811519283384484, -224.2110494023042691 ) ) ;
#159 = CARTESIAN_POINT ( 'NONE',  ( 186.4878857691415988, 79.09811519283383063, -45.49402122909149426 ) ) ;
#160 = ORIENTED_EDGE ( 'NONE', *, *, #1138, .T. ) ;
#161 = DIRECTION ( 'NONE',  ( 0.000000000000000000, 1.224646799147353207E-16, -1.000000000000000000 ) ) ;
#162 = LINE ( 'NONE', #516, #418 ) ;
#163 = ORIENTED_EDGE ( 'NONE', *, *, #1562, .T. ) ;
#164 = CARTESIAN_POINT ( 'NONE',  ( 181.0605113523805869, 79.09811519283384484, -113.4940212290915014 ) ) ;
#165 = DIRECTION ( 'NONE',  ( 1.000000000000000000, 0.000000000000000000, 0.000000000000000000 ) ) ;
#166 = CARTESIAN_POINT ( 'NONE',  ( 113.8121024346086188, 64.09811519283384484, -166.9410952947888802 ) ) ;
#167 = CARTESIAN_POINT ( 'NONE',  ( 13.81210243460861875, 64.09811519283384484, -166.9410952947888518 ) ) ;
#168 = ADVANCED_FACE ( 'NONE', ( #625 ), #848, .T. ) ;
#169 = CARTESIAN_POINT ( 'NONE',  ( 188.2265848966628141, 79.09811519283384484, -224.2110494023042691 ) ) ;
#170 = ORIENTED_EDGE ( 'NONE', *, *, #941, .F. ) ;
#171 = CARTESIAN_POINT ( 'NONE',  ( 88.81210243460863296, 64.09811519283384484, -210.2423654840108043 ) ) ;
#172 = LINE ( 'NONE', #1324, #884 ) ;
#173 = DIRECTION ( 'NONE',  ( -0.5000000000000001110, 1.060575238724906545E-16, -0.8660254037844385966 ) ) ;
#174 = ORIENTED_EDGE ( 'NONE', *, *, #1615, .F. ) ;
#175 = EDGE_CURVE ( 'NONE', #487, #300, #1511, .T. ) ;
#176 = ORIENTED_EDGE ( 'NONE', *, *, #1462, .F. ) ;
#177 = DIRECTION ( 'NONE',  ( -0.4999999999999317768, -1.060575238724954740E-16, 0.8660254037844780095 ) ) ;
#178 = AXIS2_PLACEMENT_3D ( 'NONE', #894, #1545, #1288 ) ;
#179 = LINE ( 'NONE', #1200, #1337 ) ;
#180 = VECTOR ( 'NONE', #1523, 1000.000000000000114 ) ;
#181 = EDGE_CURVE ( 'NONE', #42, #1578, #1254, .T. ) ;
#182 = VERTEX_POINT ( 'NONE', #93 ) ;
#183 = ADVANCED_FACE ( 'NONE', ( #212 ), #1363, .F. ) ;
#184 = VECTOR ( 'NONE', #928, 1000.000000000000000 ) ;
#185 = CARTESIAN_POINT ( 'NONE',  ( 88.81210243460863296, 79.09811519283384484, -210.2423654840108043 ) ) ;
#186 = DIRECTION ( 'NONE',  ( 0.000000000000000000, 1.000000000000000000, 1.224646799147352961E-16 ) ) ;
#187 = CARTESIAN_POINT ( 'NONE',  ( 113.8121024346086188, 64.09811519283384484, -166.9410952947888802 ) ) ;
#188 = VERTEX_POINT ( 'NONE', #1398 ) ;
#189 = ORIENTED_EDGE ( 'NONE', *, *, #492, .F. ) ;
#190 = CARTESIAN_POINT ( 'NONE',  ( 150.4531682710032214, 79.09811519283385906, -231.2700706047491224 ) ) ;
#191 = ORIENTED_EDGE ( 'NONE', *, *, #1174, .T. ) ;
#192 = CARTESIAN_POINT ( 'NONE',  ( 149.4878857691416556, 87.09811519283383063, -113.4940212290915014 ) ) ;
#193 = CARTESIAN_POINT ( 'NONE',  ( 88.81210243460863296, 64.09811519283384484, -210.2423654840108043 ) ) ;
#194 = EDGE_CURVE ( 'NONE', #351, #985, #1014, .T. ) ;
#195 = FACE_OUTER_BOUND ( 'NONE', #975, .T. ) ;
#196 = ORIENTED_EDGE ( 'NONE', *, *, #770, .T. ) ;
#197 = ORIENTED_EDGE ( 'NONE', *, *, #909, .F. ) ;
#198 = DIRECTION ( 'NONE',  ( 0.000000000000000000, 1.224646799147353207E-16, -1.000000000000000000 ) ) ;
#199 = ORIENTED_EDGE ( 'NONE', *, *, #422, .T. ) ;
#200 = CARTESIAN_POINT ( 'NONE',  ( 186.4558320160797109, 64.09811519283384484, -110.3790313915409769 ) ) ;
#201 = EDGE_LOOP ( 'NONE', ( #782, #608, #1436, #63 ) ) ;
#202 = PLANE ( 'NONE',  #1394 ) ;
#203 = CARTESIAN_POINT ( 'NONE',  ( 186.4878857691415703, 87.09811519283385906, -287.5006361682775946 ) ) ;
#204 = VERTEX_POINT ( 'NONE', #889 ) ;
#205 = LINE ( 'NONE', #1482, #108 ) ;
#206 = VERTEX_POINT ( 'NONE', #1007 ) ;
#207 = LINE ( 'NONE', #1454, #1172 ) ;
#208 = ORIENTED_EDGE ( 'NONE', *, *, #527, .F. ) ;
#209 = CARTESIAN_POINT ( 'NONE',  ( 37.49273753209232041, 79.09811519283384484, -169.8765711180777203 ) ) ;
#210 = CARTESIAN_POINT ( 'NONE',  ( 175.7265848966628141, 79.09811519283385906, -245.8616844969152169 ) ) ;
#211 = VECTOR ( 'NONE', #946, 1000.000000000000000 ) ;
#212 = FACE_OUTER_BOUND ( 'NONE', #1152, .T. ) ;
#213 = VECTOR ( 'NONE', #1612, 1000.000000000000000 ) ;
#214 = ORIENTED_EDGE ( 'NONE', *, *, #1265, .T. ) ;
#215 = ORIENTED_EDGE ( 'NONE', *, *, #735, .F. ) ;
#216 = ORIENTED_EDGE ( 'NONE', *, *, #1592, .F. ) ;
#217 = LINE ( 'NONE', #222, #1072 ) ;
#218 = EDGE_LOOP ( 'NONE', ( #619, #659, #1030, #299 ) ) ;
#219 = LINE ( 'NONE', #1476, #54 ) ;
#220 = DIRECTION ( 'NONE',  ( -1.000000000000000000, 0.000000000000000000, 0.000000000000000000 ) ) ;
#221 = ORIENTED_EDGE ( 'NONE', *, *, #762, .F. ) ;
#222 = CARTESIAN_POINT ( 'NONE',  ( -22.86476303742259475, 87.09811519283385906, -287.5006361682775946 ) ) ;
#223 = CARTESIAN_POINT ( 'NONE',  ( -22.86476303742259475, 79.09811519283385906, -287.5006361682775946 ) ) ;
#224 = ORIENTED_EDGE ( 'NONE', *, *, #828, .T. ) ;
#225 = ADVANCED_FACE ( 'NONE', ( #337 ), #1133, .F. ) ;
#226 = LINE ( 'NONE', #6, #552 ) ;
#227 = LINE ( 'NONE', #1609, #1624 ) ;
#228 = EDGE_CURVE ( 'NONE', #734, #1076, #1243, .T. ) ;
#229 = ORIENTED_EDGE ( 'NONE', *, *, #539, .T. ) ;
#230 = EDGE_LOOP ( 'NONE', ( #1024, #59, #923, #1370, #737 ) ) ;
#231 = CARTESIAN_POINT ( 'NONE',  ( -22.86476303742259475, 79.09811519283384484, -219.5006361682775946 ) ) ;
#232 = EDGE_CURVE ( 'NONE', #540, #188, #1390, .T. ) ;
#233 = CARTESIAN_POINT ( 'NONE',  ( -61.04281237911158087, 64.09811519283385906, -227.6988044946475895 ) ) ;
#234 = VECTOR ( 'NONE', #1205, 1000.000000000000114 ) ;
#235 = DIRECTION ( 'NONE',  ( -1.000000000000000000, 0.000000000000000000, 0.000000000000000000 ) ) ;
#236 = AXIS2_PLACEMENT_3D ( 'NONE', #1428, #395, #275 ) ;
#237 = EDGE_CURVE ( 'NONE', #1480, #1367, #870, .T. ) ;
#238 = AXIS2_PLACEMENT_3D ( 'NONE', #1421, #938, #1438 ) ;
#239 = VERTEX_POINT ( 'NONE', #1140 ) ;
#240 = VECTOR ( 'NONE', #1605, 1000.000000000000227 ) ;
#241 = LINE ( 'NONE', #611, #131 ) ;
#242 = DIRECTION ( 'NONE',  ( 1.000000000000000000, 1.502225356622043692E-32, -1.222980050563648755E-16 ) ) ;
#243 = FACE_OUTER_BOUND ( 'NONE', #1519, .T. ) ;
#244 = EDGE_CURVE ( 'NONE', #188, #613, #354, .T. ) ;
#245 = VERTEX_POINT ( 'NONE', #368 ) ;
#246 = CARTESIAN_POINT ( 'NONE',  ( -22.86476303742259475, 87.09811519283384484, -219.5006361682775946 ) ) ;
#247 = LINE ( 'NONE', #1153, #1334 ) ;
#248 = CARTESIAN_POINT ( 'NONE',  ( -52.54833166071992423, 79.09811519283384484, -219.5006361682775946 ) ) ;
#249 = DIRECTION ( 'NONE',  ( -1.925929944387235425E-34, -1.000000000000000000, -1.224646799147352468E-16 ) ) ;
#250 = LINE ( 'NONE', #1274, #817 ) ;
#251 = ADVANCED_FACE ( 'NONE', ( #243 ), #743, .T. ) ;
#252 = EDGE_CURVE ( 'NONE', #937, #989, #1531, .T. ) ;
#253 = FACE_OUTER_BOUND ( 'NONE', #1490, .T. ) ;
#254 = CARTESIAN_POINT ( 'NONE',  ( 175.7265848966628141, 79.09811519283385906, -245.8616844969152169 ) ) ;
#255 = FACE_OUTER_BOUND ( 'NONE', #1584, .T. ) ;
#256 = AXIS2_PLACEMENT_3D ( 'NONE', #757, #1269, #1617 ) ;
#257 = VECTOR ( 'NONE', #1450, 1000.000000000000000 ) ;
#258 = VERTEX_POINT ( 'NONE', #606 ) ;
#259 = VECTOR ( 'NONE', #1207, 1000.000000000000000 ) ;
#260 = VECTOR ( 'NONE', #1585, 1000.000000000000000 ) ;
#261 = CARTESIAN_POINT ( 'NONE',  ( 13.81210243460861875, 64.09811519283384484, -166.9410952947888518 ) ) ;
#262 = CARTESIAN_POINT ( 'NONE',  ( 38.81210243460866138, 79.09811519283384484, -123.6398251055668709 ) ) ;
#263 = LINE ( 'NONE', #126, #1567 ) ;
#264 = VERTEX_POINT ( 'NONE', #121 ) ;
#265 = CARTESIAN_POINT ( 'NONE',  ( -22.86476303742259475, 79.09811519283385906, -287.5006361682775946 ) ) ;
#266 = DIRECTION ( 'NONE',  ( 0.000000000000000000, 1.000000000000000000, 1.224646799147352961E-16 ) ) ;
#267 = CARTESIAN_POINT ( 'NONE',  ( -48.19835033648805478, 64.09811519283383063, -87.71104940230488012 ) ) ;
#268 = EDGE_CURVE ( 'NONE', #718, #1500, #347, .T. ) ;
#269 = ORIENTED_EDGE ( 'NONE', *, *, #105, .T. ) ;
#270 = DIRECTION ( 'NONE',  ( 0.000000000000000000, -1.224646799147353207E-16, 1.000000000000000000 ) ) ;
#271 = PLANE ( 'NONE',  #1364 ) ;
#272 = VERTEX_POINT ( 'NONE', #1107 ) ;
#273 = ORIENTED_EDGE ( 'NONE', *, *, #1557, .T. ) ;
#274 = CARTESIAN_POINT ( 'NONE',  ( 49.09195060474014127, 79.09811519283384484, -189.6861053012953278 ) ) ;
#275 = DIRECTION ( 'NONE',  ( 0.4999999999999991673, 1.060575238724907161E-16, -0.8660254037844391517 ) ) ;
#276 = ORIENTED_EDGE ( 'NONE', *, *, #1138, .F. ) ;
#277 = DIRECTION ( 'NONE',  ( -0.5000000000000375255, 1.060575238724879921E-16, -0.8660254037844169472 ) ) ;
#278 = DIRECTION ( 'NONE',  ( -0.000000000000000000, -1.000000000000000000, -1.224646799147353207E-16 ) ) ;
#279 = EDGE_CURVE ( 'NONE', #562, #727, #227, .T. ) ;
#280 = ORIENTED_EDGE ( 'NONE', *, *, #1122, .T. ) ;
#281 = VECTOR ( 'NONE', #647, 1000.000000000000000 ) ;
#282 = DIRECTION ( 'NONE',  ( -0.8660254037844388186, -6.123233995736757408E-17, 0.4999999999999996114 ) ) ;
#283 = VECTOR ( 'NONE', #1114, 1000.000000000000114 ) ;
#284 = AXIS2_PLACEMENT_3D ( 'NONE', #1373, #336, #73 ) ;
#285 = DIRECTION ( 'NONE',  ( -0.5000000000000001110, 1.060575238724906545E-16, -0.8660254037844385966 ) ) ;
#286 = VECTOR ( 'NONE', #417, 1000.000000000000000 ) ;
#287 = ORIENTED_EDGE ( 'NONE', *, *, #837, .F. ) ;
#288 = DIRECTION ( 'NONE',  ( 1.000000000000000000, 0.000000000000000000, 0.000000000000000000 ) ) ;
#289 = LINE ( 'NONE', #329, #993 ) ;
#290 = DIRECTION ( 'NONE',  ( -0.9999741542096702851, 8.804768703867119385E-19, -0.007189639257618885698 ) ) ;
#291 = ADVANCED_FACE ( 'NONE', ( #1488 ), #988, .T. ) ;
#292 = DIRECTION ( 'NONE',  ( 0.4999999999999991118, 1.060575238724907161E-16, -0.8660254037844391517 ) ) ;
#293 = DIRECTION ( 'NONE',  ( -0.8660254037844387076, -6.123233995736758640E-17, 0.4999999999999997224 ) ) ;
#294 = DIRECTION ( 'NONE',  ( 0.8660254037844780095, -6.123233995735927871E-17, 0.4999999999999317768 ) ) ;
#295 = EDGE_LOOP ( 'NONE', ( #437, #714, #825, #944 ) ) ;
#296 = LINE ( 'NONE', #171, #416 ) ;
#297 = LINE ( 'NONE', #1401, #789 ) ;
#298 = CARTESIAN_POINT ( 'NONE',  ( 186.4878857691415988, 79.09811519283384484, -113.4940212290915014 ) ) ;
#299 = ORIENTED_EDGE ( 'NONE', *, *, #912, .T. ) ;
#300 = VERTEX_POINT ( 'NONE', #31 ) ;
#301 = CARTESIAN_POINT ( 'NONE',  ( 149.4878857691416272, 79.09811519283385906, -230.7127644924552783 ) ) ;
#302 = ADVANCED_FACE ( 'NONE', ( #388 ), #271, .T. ) ;
#303 = ADVANCED_FACE ( 'NONE', ( #255 ), #378, .T. ) ;
#304 = DIRECTION ( 'NONE',  ( 0.8660254037844780095, -6.123233995735927871E-17, 0.4999999999999317768 ) ) ;
#305 = ORIENTED_EDGE ( 'NONE', *, *, #1075, .F. ) ;
#306 = LINE ( 'NONE', #64, #887 ) ;
#307 = EDGE_CURVE ( 'NONE', #835, #264, #397, .T. ) ;
#308 = DIRECTION ( 'NONE',  ( -0.8660254037844388186, -6.123233995736757408E-17, 0.4999999999999995559 ) ) ;
#309 = FACE_OUTER_BOUND ( 'NONE', #38, .T. ) ;
#310 = ORIENTED_EDGE ( 'NONE', *, *, #627, .T. ) ;
#311 = CARTESIAN_POINT ( 'NONE',  ( 149.4878857691416556, 87.09811519283381642, -45.49402122909149426 ) ) ;
#312 = VECTOR ( 'NONE', #1344, 1000.000000000000000 ) ;
#313 = LINE ( 'NONE', #824, #554 ) ;
#314 = VECTOR ( 'NONE', #1310, 1000.000000000000000 ) ;
#315 = ORIENTED_EDGE ( 'NONE', *, *, #673, .F. ) ;
#316 = VECTOR ( 'NONE', #1435, 1000.000000000000000 ) ;
#317 = EDGE_CURVE ( 'NONE', #842, #503, #263, .T. ) ;
#318 = LINE ( 'NONE', #1194, #859 ) ;
#319 = DIRECTION ( 'NONE',  ( 0.5000000000000003331, -1.060575238724906175E-16, 0.8660254037844383745 ) ) ;
#320 = VECTOR ( 'NONE', #738, 1000.000000000000000 ) ;
#321 = CARTESIAN_POINT ( 'NONE',  ( 186.4878857691415703, 87.09811519283384484, -219.5006361682775946 ) ) ;
#322 = ORIENTED_EDGE ( 'NONE', *, *, #1549, .T. ) ;
#323 = VERTEX_POINT ( 'NONE', #915 ) ;
#324 = DIRECTION ( 'NONE',  ( 0.000000000000000000, -1.224646799147353207E-16, 1.000000000000000000 ) ) ;
#325 = ORIENTED_EDGE ( 'NONE', *, *, #837, .T. ) ;
#326 = LINE ( 'NONE', #436, #1543 ) ;
#327 = VERTEX_POINT ( 'NONE', #1296 ) ;
#328 = CARTESIAN_POINT ( 'NONE',  ( 13.81210243460861875, 79.09811519283384484, -166.9410952947888518 ) ) ;
#329 = CARTESIAN_POINT ( 'NONE',  ( 188.2265848966628141, 64.09811519283385906, -224.2110494023042691 ) ) ;
#330 = CARTESIAN_POINT ( 'NONE',  ( -22.86476303742259475, 87.09811519283385906, -287.5006361682775946 ) ) ;
#331 = ORIENTED_EDGE ( 'NONE', *, *, #181, .F. ) ;
#332 = LINE ( 'NONE', #1357, #1522 ) ;
#333 = VERTEX_POINT ( 'NONE', #1415 ) ;
#334 = PLANE ( 'NONE',  #1282 ) ;
#335 = ORIENTED_EDGE ( 'NONE', *, *, #1348, .T. ) ;
#336 = DIRECTION ( 'NONE',  ( -0.4999999999999318323, -1.060575238724954863E-16, 0.8660254037844780095 ) ) ;
#337 = FACE_OUTER_BOUND ( 'NONE', #1322, .T. ) ;
#338 = ORIENTED_EDGE ( 'NONE', *, *, #1355, .T. ) ;
#339 = ORIENTED_EDGE ( 'NONE', *, *, #649, .T. ) ;
#340 =( LENGTH_UNIT ( ) NAMED_UNIT ( * ) SI_UNIT ( .MILLI., .METRE. ) );
#341 = AXIS2_PLACEMENT_3D ( 'NONE', #807, #713, #58 ) ;
#342 = ORIENTED_EDGE ( 'NONE', *, *, #1122, .F. ) ;
#343 = VECTOR ( 'NONE', #292, 1000.000000000000114 ) ;
#344 = DIRECTION ( 'NONE',  ( 1.000000000000000000, 0.000000000000000000, 0.000000000000000000 ) ) ;
#345 = VECTOR ( 'NONE', #120, 1000.000000000000000 ) ;
#346 = VECTOR ( 'NONE', #1623, 1000.000000000000227 ) ;
#347 = LINE ( 'NONE', #480, #687 ) ;
#348 = ORIENTED_EDGE ( 'NONE', *, *, #912, .F. ) ;
#349 = EDGE_CURVE ( 'NONE', #1568, #1613, #632, .T. ) ;
#350 = ORIENTED_EDGE ( 'NONE', *, *, #909, .T. ) ;
#351 = VERTEX_POINT ( 'NONE', #900 ) ;
#352 = PLANE ( 'NONE',  #1541 ) ;
#353 = DIRECTION ( 'NONE',  ( -0.5000000000000004441, -1.060575238724906175E-16, 0.8660254037844383745 ) ) ;
#354 = LINE ( 'NONE', #1517, #1064 ) ;
#355 = EDGE_CURVE ( 'NONE', #1163, #1448, #149, .T. ) ;
#356 = ORIENTED_EDGE ( 'NONE', *, *, #1616, .F. ) ;
#357 = ORIENTED_EDGE ( 'NONE', *, *, #979, .F. ) ;
#358 = DIRECTION ( 'NONE',  ( -0.5000000000000375255, 1.060575238724879921E-16, -0.8660254037844169472 ) ) ;
#359 = CARTESIAN_POINT ( 'NONE',  ( -22.86476303741909888, 87.09811519283383063, -113.7688366232470827 ) ) ;
#360 = EDGE_CURVE ( 'NONE', #245, #642, #1403, .T. ) ;
#361 = DIRECTION ( 'NONE',  ( 0.4999999999999991118, 1.060575238724907161E-16, -0.8660254037844391517 ) ) ;
#362 = CARTESIAN_POINT ( 'NONE',  ( -22.86476303741909888, 87.09811519283383063, -113.7688366232470827 ) ) ;
#363 = EDGE_LOOP ( 'NONE', ( #972, #901, #593, #1339 ) ) ;
#364 = DIRECTION ( 'NONE',  ( -0.8660254037844389297, 6.123233995736759873E-17, -0.4999999999999995559 ) ) ;
#365 = CARTESIAN_POINT ( 'NONE',  ( 38.81210243460866138, 64.09811519283384484, -123.6398251055668709 ) ) ;
#366 = ADVANCED_FACE ( 'NONE', ( #775 ), #1146, .F. ) ;
#367 = AXIS2_PLACEMENT_3D ( 'NONE', #1504, #600, #1264 ) ;
#368 = CARTESIAN_POINT ( 'NONE',  ( -59.86476303741910243, 87.09811519283383063, -113.7688366232470827 ) ) ;
#369 = PRESENTATION_LAYER_ASSIGNMENT (  '', '', ( #640 ) ) ;
#370 = AXIS2_PLACEMENT_3D ( 'NONE', #1528, #1510, #1632 ) ;
#371 = VERTEX_POINT ( 'NONE', #1155 ) ;
#372 = VECTOR ( 'NONE', #1047, 1000.000000000000000 ) ;
#373 = EDGE_CURVE ( 'NONE', #1613, #985, #506, .T. ) ;
#374 = DIRECTION ( 'NONE',  ( -0.8660254037844388186, -6.123233995736757408E-17, 0.4999999999999996114 ) ) ;
#375 = DIRECTION ( 'NONE',  ( -0.4999999999999995559, -1.060575238724906915E-16, 0.8660254037844389297 ) ) ;
#376 = LINE ( 'NONE', #903, #316 ) ;
#377 = ADVANCED_FACE ( 'NONE', ( #1407 ), #1529, .T. ) ;
#378 = PLANE ( 'NONE',  #638 ) ;
#379 = ORIENTED_EDGE ( 'NONE', *, *, #793, .T. ) ;
#380 = LINE ( 'NONE', #868, #1412 ) ;
#381 = DIRECTION ( 'NONE',  ( 1.000000000000000000, 0.000000000000000000, 0.000000000000000000 ) ) ;
#382 = DIRECTION ( 'NONE',  ( 0.5000000000000003331, -1.060575238724906175E-16, 0.8660254037844383745 ) ) ;
#383 = DIRECTION ( 'NONE',  ( -0.000000000000000000, -1.000000000000000000, -1.224646799147353207E-16 ) ) ;
#384 = ADVANCED_FACE ( 'NONE', ( #1283 ), #404, .T. ) ;
#385 = FACE_OUTER_BOUND ( 'NONE', #596, .T. ) ;
#386 = LINE ( 'NONE', #1413, #616 ) ;
#387 = LINE ( 'NONE', #779, #588 ) ;
#388 = FACE_OUTER_BOUND ( 'NONE', #295, .T. ) ;
#389 = VECTOR ( 'NONE', #1087, 1000.000000000000000 ) ;
#390 = VECTOR ( 'NONE', #353, 1000.000000000000000 ) ;
#391 = ORIENTED_EDGE ( 'NONE', *, *, #252, .F. ) ;
#392 = AXIS2_PLACEMENT_3D ( 'NONE', #1542, #509, #794 ) ;
#393 = EDGE_CURVE ( 'NONE', #1235, #679, #760, .T. ) ;
#394 = CARTESIAN_POINT ( 'NONE',  ( 113.8121024346086188, 64.09811519283384484, -166.9410952947888802 ) ) ;
#395 = DIRECTION ( 'NONE',  ( 0.8660254037844391517, -6.123233995736754943E-17, 0.4999999999999991673 ) ) ;
#396 = CARTESIAN_POINT ( 'NONE',  ( -48.19835033648805478, 64.09811519283383063, -87.71104940230488012 ) ) ;
#397 = LINE ( 'NONE', #907, #904 ) ;
#398 = ORIENTED_EDGE ( 'NONE', *, *, #597, .T. ) ;
#399 = CARTESIAN_POINT ( 'NONE',  ( -22.86476303741909888, 87.09811519283381642, -45.76883662324707558 ) ) ;
#400 = ORIENTED_EDGE ( 'NONE', *, *, #1508, .F. ) ;
#401 = CARTESIAN_POINT ( 'NONE',  ( -59.86476303741910243, 79.09811519283384484, -113.7688366232470827 ) ) ;
#402 = ORIENTED_EDGE ( 'NONE', *, *, #1075, .T. ) ;
#403 = DIRECTION ( 'NONE',  ( 0.000000000000000000, -1.224646799147353207E-16, 1.000000000000000000 ) ) ;
#404 = PLANE ( 'NONE',  #852 ) ;
#405 = ORIENTED_EDGE ( 'NONE', *, *, #1240, .F. ) ;
#406 = DIRECTION ( 'NONE',  ( 0.000000000000000000, -1.224646799147353207E-16, 1.000000000000000000 ) ) ;
#407 = CARTESIAN_POINT ( 'NONE',  ( -49.96910321708278957, 79.09811519283385906, -246.8790313915224033 ) ) ;
#408 = ORIENTED_EDGE ( 'NONE', *, *, #979, .T. ) ;
#409 = CARTESIAN_POINT ( 'NONE',  ( 149.4878857691416272, 87.09811519283385906, -287.5006361682775946 ) ) ;
#410 = DIRECTION ( 'NONE',  ( -0.9999741542096702851, 8.804768703867119385E-19, -0.007189639257618885698 ) ) ;
#411 = EDGE_CURVE ( 'NONE', #754, #101, #1273, .T. ) ;
#412 = LINE ( 'NONE', #166, #958 ) ;
#413 = VECTOR ( 'NONE', #1188, 1000.000000000000000 ) ;
#414 = LINE ( 'NONE', #311, #1101 ) ;
#415 = VECTOR ( 'NONE', #39, 1000.000000000000000 ) ;
#416 = VECTOR ( 'NONE', #141, 1000.000000000000000 ) ;
#417 = DIRECTION ( 'NONE',  ( 0.000000000000000000, 1.000000000000000000, 1.224646799147352961E-16 ) ) ;
#418 = VECTOR ( 'NONE', #764, 1000.000000000000000 ) ;
#419 = ORIENTED_EDGE ( 'NONE', *, *, #1381, .F. ) ;
#420 = CARTESIAN_POINT ( 'NONE',  ( 149.4878857691416272, 87.09811519283385906, -287.5006361682775946 ) ) ;
#421 = CARTESIAN_POINT ( 'NONE',  ( -59.86476303742259830, 79.09811519283385906, -287.5006361682775946 ) ) ;
#422 = EDGE_CURVE ( 'NONE', #657, #117, #787, .T. ) ;
#423 = ADVANCED_FACE ( 'NONE', ( #1 ), #1525, .T. ) ;
#424 = LINE ( 'NONE', #298, #1275 ) ;
#425 = ORIENTED_EDGE ( 'NONE', *, *, #252, .T. ) ;
#426 = CARTESIAN_POINT ( 'NONE',  ( -59.86476303741910243, 79.09811519283384484, -109.8429563484263696 ) ) ;
#427 = DIRECTION ( 'NONE',  ( -0.4999999999999318323, -1.060575238724954740E-16, 0.8660254037844780095 ) ) ;
#428 = ORIENTED_EDGE ( 'NONE', *, *, #1265, .F. ) ;
#429 = CARTESIAN_POINT ( 'NONE',  ( 20.11710548478346539, 79.09811519283384484, -156.0205096700092327 ) ) ;
#430 = CARTESIAN_POINT ( 'NONE',  ( 94.98094271462711902, 64.09811519283384484, -134.3245698943362640 ) ) ;
#431 = PLANE ( 'NONE',  #883 ) ;
#432 = ORIENTED_EDGE ( 'NONE', *, *, #820, .F. ) ;
#433 = ORIENTED_EDGE ( 'NONE', *, *, #373, .T. ) ;
#434 = LINE ( 'NONE', #1591, #107 ) ;
#435 = ADVANCED_FACE ( 'NONE', ( #8 ), #1580, .T. ) ;
#436 = CARTESIAN_POINT ( 'NONE',  ( -22.86476303741909888, 79.09811519283384484, -113.7688366232470827 ) ) ;
#437 = ORIENTED_EDGE ( 'NONE', *, *, #665, .T. ) ;
#438 = DIRECTION ( 'NONE',  ( -0.000000000000000000, -1.000000000000000000, -1.224646799147353207E-16 ) ) ;
#439 = CARTESIAN_POINT ( 'NONE',  ( 188.2265848966628141, 64.09811519283385906, -224.2110494023042691 ) ) ;
#440 = DIRECTION ( 'NONE',  ( -1.925929944387235425E-34, -1.000000000000000000, -1.224646799147352468E-16 ) ) ;
#441 = ORIENTED_EDGE ( 'NONE', *, *, #512, .T. ) ;
#442 = ORIENTED_EDGE ( 'NONE', *, *, #716, .F. ) ;
#443 = CARTESIAN_POINT ( 'NONE',  ( -22.86476303741909888, 79.09811519283383063, -45.76883662324707558 ) ) ;
#444 = AXIS2_PLACEMENT_3D ( 'NONE', #1573, #86, #591 ) ;
#445 = ORIENTED_EDGE ( 'NONE', *, *, #481, .F. ) ;
#446 = ADVANCED_FACE ( 'NONE', ( #695 ), #1213, .F. ) ;
#447 = CARTESIAN_POINT ( 'NONE',  ( 36.59195060474183947, 64.09811519283384484, -168.0354702066833568 ) ) ;
#448 = AXIS2_PLACEMENT_3D ( 'NONE', #56, #1343, #814 ) ;
#449 = ORIENTED_EDGE ( 'NONE', *, *, #810, .F. ) ;
#450 = AXIS2_PLACEMENT_3D ( 'NONE', #1180, #1056, #55 ) ;
#451 = CARTESIAN_POINT ( 'NONE',  ( 113.8121024346086188, 79.09811519283384484, -166.9410952947888802 ) ) ;
#452 = LINE ( 'NONE', #1095, #1366 ) ;
#453 = VECTOR ( 'NONE', #555, 1000.000000000000000 ) ;
#454 = LINE ( 'NONE', #1469, #413 ) ;
#455 = ORIENTED_EDGE ( 'NONE', *, *, #1192, .T. ) ;
#456 = ORIENTED_EDGE ( 'NONE', *, *, #735, .T. ) ;
#457 = CARTESIAN_POINT ( 'NONE',  ( 175.7265848966628141, 79.09811519283385906, -245.8616844969152169 ) ) ;
#458 = EDGE_LOOP ( 'NONE', ( #197, #280, #626, #688, #276 ) ) ;
#459 = CARTESIAN_POINT ( 'NONE',  ( -59.86476303742259830, 79.09811519283385906, -287.5006361682775946 ) ) ;
#460 = ORIENTED_EDGE ( 'NONE', *, *, #762, .T. ) ;
#461 = FACE_OUTER_BOUND ( 'NONE', #1088, .T. ) ;
#462 = EDGE_CURVE ( 'NONE', #771, #989, #806, .T. ) ;
#463 = DIRECTION ( 'NONE',  ( 0.000000000000000000, -1.224646799147353207E-16, 1.000000000000000000 ) ) ;
#464 = VERTEX_POINT ( 'NONE', #1333 ) ;
#465 = CARTESIAN_POINT ( 'NONE',  ( 173.9558320160814162, 79.09811519283383063, -88.72839629692902008 ) ) ;
#466 = ORIENTED_EDGE ( 'NONE', *, *, #895, .F. ) ;
#467 = CARTESIAN_POINT ( 'NONE',  ( 36.59195060474183947, 64.09811519283384484, -168.0354702066833568 ) ) ;
#468 = ADVANCED_FACE ( 'NONE', ( #559 ), #1570, .F. ) ;
#469 = CARTESIAN_POINT ( 'NONE',  ( 186.4878857691415988, 79.09811519283384484, -113.4940212290915014 ) ) ;
#470 = ORIENTED_EDGE ( 'NONE', *, *, #1253, .T. ) ;
#471 = VERTEX_POINT ( 'NONE', #939 ) ;
#472 = ORIENTED_EDGE ( 'NONE', *, *, #1204, .F. ) ;
#473 = DIRECTION ( 'NONE',  ( 1.000000000000000000, 0.000000000000000000, 0.000000000000000000 ) ) ;
#474 = VECTOR ( 'NONE', #948, 1000.000000000000000 ) ;
#475 = ORIENTED_EDGE ( 'NONE', *, *, #1355, .F. ) ;
#476 = VECTOR ( 'NONE', #1509, 1000.000000000000000 ) ;
#477 = DIRECTION ( 'NONE',  ( 1.222980050563648755E-16, -1.224646799147352961E-16, 1.000000000000000000 ) ) ;
#478 = DIRECTION ( 'NONE',  ( -0.8660254037844388186, -6.123233995736757408E-17, 0.4999999999999996114 ) ) ;
#479 = VECTOR ( 'NONE', #1516, 1000.000000000000000 ) ;
#480 = CARTESIAN_POINT ( 'NONE',  ( 175.3821228540478785, 79.09811519283383063, -91.19880449465743766 ) ) ;
#481 = EDGE_CURVE ( 'NONE', #1622, #572, #1195, .T. ) ;
#482 = EDGE_CURVE ( 'NONE', #1384, #323, #65, .T. ) ;
#483 = ORIENTED_EDGE ( 'NONE', *, *, #1009, .T. ) ;
#484 = ORIENTED_EDGE ( 'NONE', *, *, #545, .F. ) ;
#485 = DIRECTION ( 'NONE',  ( 0.8660254037844778985, -6.123233995735929104E-17, 0.4999999999999318323 ) ) ;
#486 = DIRECTION ( 'NONE',  ( 0.000000000000000000, 1.224646799147353207E-16, -1.000000000000000000 ) ) ;
#487 = VERTEX_POINT ( 'NONE', #421 ) ;
#488 = DIRECTION ( 'NONE',  ( 0.000000000000000000, -1.000000000000000000, -1.224646799147353207E-16 ) ) ;
#489 = DIRECTION ( 'NONE',  ( 0.000000000000000000, 1.000000000000000000, 1.224646799147352961E-16 ) ) ;
#490 = ORIENTED_EDGE ( 'NONE', *, *, #307, .T. ) ;
#491 = CARTESIAN_POINT ( 'NONE',  ( 186.4878857691415703, 79.09811519283385906, -287.5006361682775946 ) ) ;
#492 = EDGE_CURVE ( 'NONE', #204, #327, #1589, .T. ) ;
#493 = DIRECTION ( 'NONE',  ( -0.5000000000000375255, 1.060575238724879921E-16, -0.8660254037844169472 ) ) ;
#494 = DIRECTION ( 'NONE',  ( 0.000000000000000000, -1.224646799147353207E-16, 1.000000000000000000 ) ) ;
#495 = CARTESIAN_POINT ( 'NONE',  ( 38.81210243460866138, 64.09811519283384484, -123.6398251055668709 ) ) ;
#496 = LINE ( 'NONE', #873, #643 ) ;
#497 = DIRECTION ( 'NONE',  ( 0.000000000000000000, -1.000000000000000000, -1.224646799147353207E-16 ) ) ;
#498 = VECTOR ( 'NONE', #1600, 1000.000000000000000 ) ;
#499 = CARTESIAN_POINT ( 'NONE',  ( 175.7265848966628141, 64.09811519283385906, -245.8616844969152169 ) ) ;
#500 = VECTOR ( 'NONE', #1144, 1000.000000000000000 ) ;
#501 = ORIENTED_EDGE ( 'NONE', *, *, #1297, .F. ) ;
#502 = VECTOR ( 'NONE', #1313, 1000.000000000000000 ) ;
#503 = VERTEX_POINT ( 'NONE', #956 ) ;
#504 = PLANE ( 'NONE',  #1196 ) ;
#505 = PLANE ( 'NONE',  #370 ) ;
#506 = LINE ( 'NONE', #768, #1224 ) ;
#507 = ORIENTED_EDGE ( 'NONE', *, *, #1534, .T. ) ;
#508 = CARTESIAN_POINT ( 'NONE',  ( 20.11710548478343341, 64.09811519283384484, -156.0205096700092042 ) ) ;
#509 = DIRECTION ( 'NONE',  ( 0.000000000000000000, 1.224646799147353207E-16, -1.000000000000000000 ) ) ;
#510 = LINE ( 'NONE', #158, #1440 ) ;
#511 = CARTESIAN_POINT ( 'NONE',  ( 186.4878857691415988, 87.09811519283383063, -113.4940212290915014 ) ) ;
#512 = EDGE_CURVE ( 'NONE', #245, #613, #566, .T. ) ;
#513 = ORIENTED_EDGE ( 'NONE', *, *, #1127, .F. ) ;
#514 = FACE_OUTER_BOUND ( 'NONE', #693, .T. ) ;
#515 = ADVANCED_FACE ( 'NONE', ( #1466 ), #685, .F. ) ;
#516 = CARTESIAN_POINT ( 'NONE',  ( -22.86476303741909888, 79.09811519283384484, -113.7688366232470827 ) ) ;
#517 = CARTESIAN_POINT ( 'NONE',  ( -22.86476303742259475, 79.09811519283384484, -219.5006361682775946 ) ) ;
#518 = DIRECTION ( 'NONE',  ( 0.000000000000000000, -1.000000000000000000, -1.224646799147353207E-16 ) ) ;
#519 = CARTESIAN_POINT ( 'NONE',  ( 36.59195060474183947, 64.09811519283384484, -168.0354702066833568 ) ) ;
#520 = VECTOR ( 'NONE', #1198, 1000.000000000000000 ) ;
#521 = VECTOR ( 'NONE', #61, 1000.000000000000227 ) ;
#522 = ORIENTED_EDGE ( 'NONE', *, *, #649, .F. ) ;
#523 = EDGE_CURVE ( 'NONE', #1578, #587, #452, .T. ) ;
#524 = VECTOR ( 'NONE', #1419, 1000.000000000000000 ) ;
#525 = VECTOR ( 'NONE', #1111, 1000.000000000000000 ) ;
#526 = PLANE ( 'NONE',  #1099 ) ;
#527 = EDGE_CURVE ( 'NONE', #587, #1141, #172, .T. ) ;
#528 = CARTESIAN_POINT ( 'NONE',  ( 186.4878857691415703, 79.09811519283384484, -219.5006361682775946 ) ) ;
#529 = ORIENTED_EDGE ( 'NONE', *, *, #875, .F. ) ;
#530 = CARTESIAN_POINT ( 'NONE',  ( 149.4878857691416272, 79.09811519283385906, -287.5006361682775946 ) ) ;
#531 = CARTESIAN_POINT ( 'NONE',  ( 38.01824144270833017, 64.09811519283384484, -170.5058784044117601 ) ) ;
#532 = ORIENTED_EDGE ( 'NONE', *, *, #1572, .F. ) ;
#533 = FACE_OUTER_BOUND ( 'NONE', #935, .T. ) ;
#534 = EDGE_CURVE ( 'NONE', #272, #1201, #1597, .T. ) ;
#535 = CARTESIAN_POINT ( 'NONE',  ( 37.49273753209232041, 87.09811519283383063, -169.8765711180777203 ) ) ;
#536 = ORIENTED_EDGE ( 'NONE', *, *, #1375, .T. ) ;
#537 = CARTESIAN_POINT ( 'NONE',  ( 149.4878857691416556, 79.09811519283384484, -113.4940212290915014 ) ) ;
#538 = CARTESIAN_POINT ( 'NONE',  ( 149.4878857691416556, 87.09811519283383063, -113.4940212290915014 ) ) ;
#539 = EDGE_CURVE ( 'NONE', #188, #842, #827, .T. ) ;
#540 = VERTEX_POINT ( 'NONE', #1439 ) ;
#541 = PLANE ( 'NONE',  #1497 ) ;
#542 = DIRECTION ( 'NONE',  ( -0.000000000000000000, -1.000000000000000000, -1.224646799147353207E-16 ) ) ;
#543 = EDGE_CURVE ( 'NONE', #1568, #821, #289, .T. ) ;
#544 = VERTEX_POINT ( 'NONE', #159 ) ;
#545 = EDGE_CURVE ( 'NONE', #111, #471, #671, .T. ) ;
#546 = FACE_OUTER_BOUND ( 'NONE', #363, .T. ) ;
#547 = CARTESIAN_POINT ( 'NONE',  ( 186.4878857691415703, 79.09811519283384484, -227.2225646302466942 ) ) ;
#548 = DIRECTION ( 'NONE',  ( 0.8660254037844385966, 6.123233995736766036E-17, -0.5000000000000001110 ) ) ;
#549 = AXIS2_PLACEMENT_3D ( 'NONE', #74, #1078, #410 ) ;
#550 = CARTESIAN_POINT ( 'NONE',  ( 186.4878857691415988, 87.09811519283383063, -113.4940212290915014 ) ) ;
#551 = CARTESIAN_POINT ( 'NONE',  ( 38.81210243460860454, 64.09811519283384484, -210.2423654840108043 ) ) ;
#552 = VECTOR ( 'NONE', #876, 1000.000000000000000 ) ;
#553 = EDGE_CURVE ( 'NONE', #1376, #544, #1181, .T. ) ;
#554 = VECTOR ( 'NONE', #834, 1000.000000000000114 ) ;
#555 = DIRECTION ( 'NONE',  ( 0.000000000000000000, -1.224646799147353207E-16, 1.000000000000000000 ) ) ;
#556 = AXIS2_PLACEMENT_3D ( 'NONE', #51, #1210, #427 ) ;
#557 = ORIENTED_EDGE ( 'NONE', *, *, #623, .T. ) ;
#558 = DIRECTION ( 'NONE',  ( -0.5000000000000001110, 1.060575238724906545E-16, -0.8660254037844385966 ) ) ;
#559 = FACE_OUTER_BOUND ( 'NONE', #1526, .T. ) ;
#560 = LINE ( 'NONE', #798, #498 ) ;
#561 = ORIENTED_EDGE ( 'NONE', *, *, #1515, .F. ) ;
#562 = VERTEX_POINT ( 'NONE', #1187 ) ;
#563 = DIRECTION ( 'NONE',  ( -0.000000000000000000, -1.000000000000000000, -1.224646799147353207E-16 ) ) ;
#564 = VERTEX_POINT ( 'NONE', #547 ) ;
#565 = DIRECTION ( 'NONE',  ( 0.8660254037844780095, -6.123233995735929104E-17, 0.4999999999999318323 ) ) ;
#566 = LINE ( 'NONE', #797, #52 ) ;
#567 = CARTESIAN_POINT ( 'NONE',  ( 149.4878857691416272, 79.09811519283384484, -219.5006361682775946 ) ) ;
#568 = EDGE_CURVE ( 'NONE', #1471, #1377, #297, .T. ) ;
#569 = ORIENTED_EDGE ( 'NONE', *, *, #1297, .T. ) ;
#570 = ORIENTED_EDGE ( 'NONE', *, *, #393, .T. ) ;
#571 = DIRECTION ( 'NONE',  ( -0.8660254037844388186, -6.123233995736757408E-17, 0.4999999999999996114 ) ) ;
#572 = VERTEX_POINT ( 'NONE', #1148 ) ;
#573 = CARTESIAN_POINT ( 'NONE',  ( 13.81210243460861875, 64.09811519283384484, -166.9410952947888518 ) ) ;
#574 = ORIENTED_EDGE ( 'NONE', *, *, #627, .F. ) ;
#575 = EDGE_CURVE ( 'NONE', #1119, #1380, #241, .T. ) ;
#576 = CARTESIAN_POINT ( 'NONE',  ( -59.86476303741910243, 79.09811519283383063, -45.76883662324707558 ) ) ;
#577 = CARTESIAN_POINT ( 'NONE',  ( 175.7265848966628141, 79.09811519283385906, -245.8616844969152169 ) ) ;
#578 = MANIFOLD_SOLID_BREP ( '\X2\7ec45408\X0\1', #765 ) ;
#579 = FACE_OUTER_BOUND ( 'NONE', #91, .T. ) ;
#580 = ORIENTED_EDGE ( 'NONE', *, *, #597, .F. ) ;
#581 = ORIENTED_EDGE ( 'NONE', *, *, #793, .F. ) ;
#582 = LINE ( 'NONE', #1089, #664 ) ;
#583 = VECTOR ( 'NONE', #235, 1000.000000000000000 ) ;
#584 = ORIENTED_EDGE ( 'NONE', *, *, #279, .T. ) ;
#585 = DIRECTION ( 'NONE',  ( -0.000000000000000000, -1.000000000000000000, -1.224646799147353207E-16 ) ) ;
#586 = VECTOR ( 'NONE', #381, 1000.000000000000000 ) ;
#587 = VERTEX_POINT ( 'NONE', #508 ) ;
#588 = VECTOR ( 'NONE', #270, 1000.000000000000000 ) ;
#589 = CARTESIAN_POINT ( 'NONE',  ( -61.04281237911158087, 79.09811519283385906, -227.6988044946475895 ) ) ;
#590 = VECTOR ( 'NONE', #485, 1000.000000000000114 ) ;
#591 = DIRECTION ( 'NONE',  ( 0.000000000000000000, -1.000000000000000000, -1.224646799147353207E-16 ) ) ;
#592 = ORIENTED_EDGE ( 'NONE', *, *, #1309, .F. ) ;
#593 = ORIENTED_EDGE ( 'NONE', *, *, #1025, .T. ) ;
#594 = EDGE_LOOP ( 'NONE', ( #342, #592, #1058, #151, #1136 ) ) ;
#595 = CARTESIAN_POINT ( 'NONE',  ( 186.4878857691415703, 79.09811519283385906, -287.5006361682775946 ) ) ;
#596 = EDGE_LOOP ( 'NONE', ( #1117, #682, #449 ) ) ;
#597 = EDGE_CURVE ( 'NONE', #821, #679, #897, .T. ) ;
#598 = LINE ( 'NONE', #589, #211 ) ;
#599 = LINE ( 'NONE', #725, #1303 ) ;
#600 = DIRECTION ( 'NONE',  ( 0.000000000000000000, -1.224646799147353207E-16, 1.000000000000000000 ) ) ;
#601 = ORIENTED_EDGE ( 'NONE', *, *, #801, .F. ) ;
#602 = LINE ( 'NONE', #1010, #590 ) ;
#603 = VERTEX_POINT ( 'NONE', #763 ) ;
#604 = PLANE ( 'NONE',  #1071 ) ;
#605 = ADVANCED_FACE ( 'NONE', ( #253 ), #622, .T. ) ;
#606 = CARTESIAN_POINT ( 'NONE',  ( -49.96910321708278957, 64.09811519283385906, -246.8790313915224033 ) ) ;
#607 = ORIENTED_EDGE ( 'NONE', *, *, #1320, .T. ) ;
#608 = ORIENTED_EDGE ( 'NONE', *, *, #116, .F. ) ;
#609 = ORIENTED_EDGE ( 'NONE', *, *, #1582, .T. ) ;
#610 = FACE_OUTER_BOUND ( 'NONE', #458, .T. ) ;
#611 = CARTESIAN_POINT ( 'NONE',  ( 32.48094271462366578, 64.09811519283384484, -199.2764751781633379 ) ) ;
#612 = AXIS2_PLACEMENT_3D ( 'NONE', #362, #1123, #733 ) ;
#613 = VERTEX_POINT ( 'NONE', #1270 ) ;
#614 = AXIS2_PLACEMENT_3D ( 'NONE', #45, #1457, #308 ) ;
#615 = CARTESIAN_POINT ( 'NONE',  ( -22.86476303742259475, 79.09811519283385906, -287.5006361682775946 ) ) ;
#616 = VECTOR ( 'NONE', #266, 1000.000000000000000 ) ;
#617 = CARTESIAN_POINT ( 'NONE',  ( -61.04281237911158087, 64.09811519283385906, -227.6988044946475895 ) ) ;
#618 = EDGE_CURVE ( 'NONE', #1480, #1622, #891, .T. ) ;
#619 = ORIENTED_EDGE ( 'NONE', *, *, #43, .F. ) ;
#620 = ORIENTED_EDGE ( 'NONE', *, *, #1253, .F. ) ;
#621 = LINE ( 'NONE', #856, #888 ) ;
#622 = PLANE ( 'NONE',  #819 ) ;
#623 = EDGE_CURVE ( 'NONE', #562, #1330, #635, .T. ) ;
#624 = DIRECTION ( 'NONE',  ( 1.683756307162954566E-32, 1.000000000000000000, 1.224646799147352714E-16 ) ) ;
#625 = FACE_OUTER_BOUND ( 'NONE', #594, .T. ) ;
#626 = ORIENTED_EDGE ( 'NONE', *, *, #175, .F. ) ;
#627 = EDGE_CURVE ( 'NONE', #1217, #111, #247, .T. ) ;
#628 = CARTESIAN_POINT ( 'NONE',  ( 32.61710548478344407, 79.09811519283383063, -134.3698745753982564 ) ) ;
#629 = CARTESIAN_POINT ( 'NONE',  ( -22.86476303742259475, 87.09811519283385906, -287.5006361682775946 ) ) ;
#630 = LINE ( 'NONE', #877, #960 ) ;
#631 = ADVANCED_FACE ( 'NONE', ( #5 ), #504, .F. ) ;
#632 = LINE ( 'NONE', #654, #1018 ) ;
#633 = ORIENTED_EDGE ( 'NONE', *, *, #523, .F. ) ;
#634 = CARTESIAN_POINT ( 'NONE',  ( 149.4878857691416272, 79.09811519283385906, -231.4475593836961593 ) ) ;
#635 = LINE ( 'NONE', #1249, #180 ) ;
#636 = DIRECTION ( 'NONE',  ( -1.000000000000000000, 0.000000000000000000, 0.000000000000000000 ) ) ;
#637 = VECTOR ( 'NONE', #1170, 1000.000000000000000 ) ;
#638 = AXIS2_PLACEMENT_3D ( 'NONE', #519, #1536, #142 ) ;
#639 = DIRECTION ( 'NONE',  ( 0.4999999999999991118, 1.060575238724907161E-16, -0.8660254037844391517 ) ) ;
#640 = STYLED_ITEM ( 'NONE', ( #1130 ), #578 ) ;
#641 = AXIS2_PLACEMENT_3D ( 'NONE', #467, #986, #565 ) ;
#642 = VERTEX_POINT ( 'NONE', #1532 ) ;
#643 = VECTOR ( 'NONE', #374, 1000.000000000000114 ) ;
#644 = SURFACE_STYLE_USAGE ( .BOTH. , #10 ) ;
#645 = FACE_OUTER_BOUND ( 'NONE', #81, .T. ) ;
#646 = ADVANCED_FACE ( 'NONE', ( #385 ), #747, .T. ) ;
#647 = DIRECTION ( 'NONE',  ( 0.000000000000000000, -1.224646799147353207E-16, 1.000000000000000000 ) ) ;
#648 = ORIENTED_EDGE ( 'NONE', *, *, #244, .T. ) ;
#649 = EDGE_CURVE ( 'NONE', #1091, #1392, #1379, .T. ) ;
#650 = DIRECTION ( 'NONE',  ( 0.000000000000000000, 1.000000000000000000, 1.224646799147353207E-16 ) ) ;
#651 = DIRECTION ( 'NONE',  ( 0.000000000000000000, -1.224646799147353207E-16, 1.000000000000000000 ) ) ;
#652 = PLANE ( 'NONE',  #1171 ) ;
#653 = EDGE_CURVE ( 'NONE', #1211, #245, #739, .T. ) ;
#654 = CARTESIAN_POINT ( 'NONE',  ( 32.61710548478350091, 64.09811519283384484, -134.3698745753982848 ) ) ;
#655 = EDGE_CURVE ( 'NONE', #1351, #503, #874, .T. ) ;
#656 = ORIENTED_EDGE ( 'NONE', *, *, #730, .T. ) ;
#657 = VERTEX_POINT ( 'NONE', #1564 ) ;
#658 = LINE ( 'NONE', #1165, #724 ) ;
#659 = ORIENTED_EDGE ( 'NONE', *, *, #194, .F. ) ;
#660 = DIRECTION ( 'NONE',  ( 1.000000000000000000, 0.000000000000000000, 0.000000000000000000 ) ) ;
#661 = DIRECTION ( 'NONE',  ( -1.000000000000000000, 0.000000000000000000, 0.000000000000000000 ) ) ;
#662 = VECTOR ( 'NONE', #406, 1000.000000000000000 ) ;
#663 = ORIENTED_EDGE ( 'NONE', *, *, #534, .T. ) ;
#664 = VECTOR ( 'NONE', #974, 1000.000000000000000 ) ;
#665 = EDGE_CURVE ( 'NONE', #642, #371, #1060, .T. ) ;
#666 = CARTESIAN_POINT ( 'NONE',  ( -59.86476303742259830, 87.09811519283385906, -287.5006361682775946 ) ) ;
#667 = EDGE_LOOP ( 'NONE', ( #400, #1354, #1356, #863, #954 ) ) ;
#668 = FACE_OUTER_BOUND ( 'NONE', #917, .T. ) ;
#669 = EDGE_LOOP ( 'NONE', ( #1346, #484, #144 ) ) ;
#670 = PLANE ( 'NONE',  #450 ) ;
#671 = LINE ( 'NONE', #1314, #257 ) ;
#672 = ORIENTED_EDGE ( 'NONE', *, *, #1369, .T. ) ;
#673 = EDGE_CURVE ( 'NONE', #564, #1365, #1418, .T. ) ;
#674 = DIRECTION ( 'NONE',  ( 1.000000000000000000, 0.000000000000000000, 0.000000000000000000 ) ) ;
#675 = ORIENTED_EDGE ( 'NONE', *, *, #1025, .F. ) ;
#676 = PLANE ( 'NONE',  #791 ) ;
#677 = DIRECTION ( 'NONE',  ( -0.8660254037844387076, -6.123233995736758640E-17, 0.4999999999999997224 ) ) ;
#678 = CARTESIAN_POINT ( 'NONE',  ( 49.09195060474014127, 64.09811519283384484, -189.6861053012953278 ) ) ;
#679 = VERTEX_POINT ( 'NONE', #1190 ) ;
#680 = CARTESIAN_POINT ( 'NONE',  ( -62.46910321708280378, 79.09811519283384484, -225.2283962969114270 ) ) ;
#681 = DIRECTION ( 'NONE',  ( -1.925929944387235425E-34, -1.000000000000000000, -1.224646799147352468E-16 ) ) ;
#682 = ORIENTED_EDGE ( 'NONE', *, *, #1462, .T. ) ;
#683 = EDGE_CURVE ( 'NONE', #771, #785, #152, .T. ) ;
#684 = DIRECTION ( 'NONE',  ( 0.000000000000000000, 1.000000000000000000, 1.224646799147353207E-16 ) ) ;
#685 = PLANE ( 'NONE',  #549 ) ;
#686 = PLANE ( 'NONE',  #1539 ) ;
#687 = VECTOR ( 'NONE', #1001, 1000.000000000000227 ) ;
#688 = ORIENTED_EDGE ( 'NONE', *, *, #1209, .F. ) ;
#689 = VECTOR ( 'NONE', #165, 1000.000000000000000 ) ;
#690 = AXIS2_PLACEMENT_3D ( 'NONE', #1121, #494, #488 ) ;
#691 = VECTOR ( 'NONE', #294, 1000.000000000000227 ) ;
#692 = PLANE ( 'NONE',  #556 ) ;
#693 = EDGE_LOOP ( 'NONE', ( #1426, #808, #1429, #1236, #532 ) ) ;
#694 = DIRECTION ( 'NONE',  ( 1.000000000000000000, 1.502225356622044239E-32, -1.222980050563649248E-16 ) ) ;
#695 = FACE_OUTER_BOUND ( 'NONE', #1631, .T. ) ;
#696 = ADVANCED_FACE ( 'NONE', ( #514 ), #526, .F. ) ;
#697 = DIRECTION ( 'NONE',  ( -0.5000000000000001110, 1.060575238724906545E-16, -0.8660254037844385966 ) ) ;
#698 = ORIENTED_EDGE ( 'NONE', *, *, #1530, .T. ) ;
#699 = LINE ( 'NONE', #167, #521 ) ;
#700 = VERTEX_POINT ( 'NONE', #666 ) ;
#701 = CARTESIAN_POINT ( 'NONE',  ( 186.4878857691415988, 79.09811519283384484, -113.4940212290915014 ) ) ;
#702 = ORIENTED_EDGE ( 'NONE', *, *, #980, .F. ) ;
#703 = DIRECTION ( 'NONE',  ( -0.000000000000000000, 1.000000000000000000, 1.224646799147353207E-16 ) ) ;
#704 = DIRECTION ( 'NONE',  ( -0.8660254037844388186, -6.123233995736757408E-17, 0.4999999999999996114 ) ) ;
#705 = ADVANCED_FACE ( 'NONE', ( #1291 ), #541, .F. ) ;
#706 = DIRECTION ( 'NONE',  ( -1.000000000000000000, 0.000000000000000000, 0.000000000000000000 ) ) ;
#707 = ORIENTED_EDGE ( 'NONE', *, *, #307, .F. ) ;
#708 = PLANE ( 'NONE',  #963 ) ;
#709 = EDGE_LOOP ( 'NONE', ( #398, #1237, #1604, #466, #1574 ) ) ;
#710 = DIRECTION ( 'NONE',  ( 0.000000000000000000, 1.000000000000000000, 1.224646799147352961E-16 ) ) ;
#711 = ORIENTED_EDGE ( 'NONE', *, *, #78, .F. ) ;
#712 = DIRECTION ( 'NONE',  ( -0.000000000000000000, -1.000000000000000000, -1.224646799147353207E-16 ) ) ;
#713 = DIRECTION ( 'NONE',  ( 0.000000000000000000, 1.224646799147353207E-16, -1.000000000000000000 ) ) ;
#714 = ORIENTED_EDGE ( 'NONE', *, *, #716, .T. ) ;
#715 = DIRECTION ( 'NONE',  ( 0.000000000000000000, 1.000000000000000000, 1.224646799147352961E-16 ) ) ;
#716 = EDGE_CURVE ( 'NONE', #371, #1211, #1175, .T. ) ;
#717 = AXIS2_PLACEMENT_3D ( 'NONE', #66, #440, #290 ) ;
#718 = VERTEX_POINT ( 'NONE', #33 ) ;
#719 = DIRECTION ( 'NONE',  ( -1.000000000000000000, 0.000000000000000000, 0.000000000000000000 ) ) ;
#720 = VECTOR ( 'NONE', #1073, 1000.000000000000000 ) ;
#721 = ORIENTED_EDGE ( 'NONE', *, *, #1592, .T. ) ;
#722 = AXIS2_PLACEMENT_3D ( 'NONE', #1160, #1569, #684 ) ;
#723 = CARTESIAN_POINT ( 'NONE',  ( -22.86476303742259475, 79.09811519283385906, -287.5006361682775946 ) ) ;
#724 = VECTOR ( 'NONE', #542, 1000.000000000000000 ) ;
#725 = CARTESIAN_POINT ( 'NONE',  ( 36.59195060474183947, 79.09811519283384484, -168.0354702066833568 ) ) ;
#726 = CARTESIAN_POINT ( 'NONE',  ( -59.86476303742259830, 87.09811519283384484, -219.5006361682775946 ) ) ;
#727 = VERTEX_POINT ( 'NONE', #1555 ) ;
#728 = EDGE_LOOP ( 'NONE', ( #864, #744, #529, #920 ) ) ;
#729 = ADVANCED_FACE ( 'NONE', ( #533 ), #1410, .F. ) ;
#730 = EDGE_CURVE ( 'NONE', #613, #842, #800, .T. ) ;
#731 = ORIENTED_EDGE ( 'NONE', *, *, #945, .F. ) ;
#732 = LINE ( 'NONE', #1149, #1278 ) ;
#733 = DIRECTION ( 'NONE',  ( 0.000000000000000000, 1.000000000000000000, 1.224646799147353207E-16 ) ) ;
#734 = VERTEX_POINT ( 'NONE', #680 ) ;
#735 = EDGE_CURVE ( 'NONE', #587, #239, #925, .T. ) ;
#736 = ORIENTED_EDGE ( 'NONE', *, *, #539, .F. ) ;
#737 = ORIENTED_EDGE ( 'NONE', *, *, #683, .F. ) ;
#738 = DIRECTION ( 'NONE',  ( 0.000000000000000000, 1.224646799147353207E-16, -1.000000000000000000 ) ) ;
#739 = LINE ( 'NONE', #359, #476 ) ;
#740 = ORIENTED_EDGE ( 'NONE', *, *, #317, .F. ) ;
#741 = CARTESIAN_POINT ( 'NONE',  ( 36.59195060474183947, 79.09811519283384484, -168.0354702066833568 ) ) ;
#742 = EDGE_CURVE ( 'NONE', #785, #333, #49, .T. ) ;
#743 = PLANE ( 'NONE',  #256 ) ;
#744 = ORIENTED_EDGE ( 'NONE', *, *, #902, .F. ) ;
#745 = ORIENTED_EDGE ( 'NONE', *, *, #618, .T. ) ;
#746 = PRODUCT_CONTEXT ( 'NONE', #971, 'mechanical' ) ;
#747 = PLANE ( 'NONE',  #84 ) ;
#748 =( GEOMETRIC_REPRESENTATION_CONTEXT ( 3 ) GLOBAL_UNCERTAINTY_ASSIGNED_CONTEXT ( ( #1422 ) ) GLOBAL_UNIT_ASSIGNED_CONTEXT ( ( #1011, #1137, #1267 ) ) REPRESENTATION_CONTEXT ( 'NONE', 'WORKASPACE' ) );
#749 = LINE ( 'NONE', #231, #155 ) ;
#750 = VECTOR ( 'NONE', #1300, 1000.000000000000000 ) ;
#751 = VECTOR ( 'NONE', #358, 1000.000000000000114 ) ;
#752 = EDGE_CURVE ( 'NONE', #1302, #1380, #16, .T. ) ;
#753 = DIRECTION ( 'NONE',  ( -0.4999999999999995559, -1.060575238724906792E-16, 0.8660254037844389297 ) ) ;
#754 = VERTEX_POINT ( 'NONE', #1039 ) ;
#755 = CARTESIAN_POINT ( 'NONE',  ( 19.98094271462367288, 64.09811519283384484, -177.6258400835523332 ) ) ;
#756 = DIRECTION ( 'NONE',  ( 0.000000000000000000, 1.224646799147353207E-16, -1.000000000000000000 ) ) ;
#757 = CARTESIAN_POINT ( 'NONE',  ( 188.2265848966628141, 64.09811519283385906, -224.2110494023042691 ) ) ;
#758 = ORIENTED_EDGE ( 'NONE', *, *, #411, .F. ) ;
#759 = CARTESIAN_POINT ( 'NONE',  ( 186.4878857691415703, 87.09811519283384484, -219.5006361682775946 ) ) ;
#760 = LINE ( 'NONE', #14, #1277 ) ;
#761 = VERTEX_POINT ( 'NONE', #265 ) ;
#762 = EDGE_CURVE ( 'NONE', #327, #1384, #630, .T. ) ;
#763 = CARTESIAN_POINT ( 'NONE',  ( 95.11710548478346539, 79.09811519283385906, -199.3217798592311283 ) ) ;
#764 = DIRECTION ( 'NONE',  ( 0.000000000000000000, 1.224646799147353207E-16, -1.000000000000000000 ) ) ;
#765 = CLOSED_SHELL ( 'NONE', ( #886, #143, #1331, #302, #183, #225, #1143, #515, #646, #1246, #631, #123, #865, #446, #1607, #1038, #1487, #83, #423, #1156, #251, #696, #1491, #384, #468, #303, #729, #435, #1050, #1028, #168, #21, #605, #1244, #138, #1183, #1115, #815, #377, #1003, #1318, #1479, #291, #705, #57, #1416, #952, #1012, #924, #13, #1252, #366, #1162, #1290 ) ) ;
#766 = DIRECTION ( 'NONE',  ( 0.8660254037844780095, -6.123233995735927871E-17, 0.4999999999999317768 ) ) ;
#767 = AXIS2_PLACEMENT_3D ( 'NONE', #439, #969, #677 ) ;
#768 = CARTESIAN_POINT ( 'NONE',  ( 13.81210243460861875, 79.09811519283384484, -166.9410952947888518 ) ) ;
#769 = VECTOR ( 'NONE', #1456, 1000.000000000000114 ) ;
#770 = EDGE_CURVE ( 'NONE', #1141, #188, #114, .T. ) ;
#771 = VERTEX_POINT ( 'NONE', #1000 ) ;
#772 = CARTESIAN_POINT ( 'NONE',  ( 49.09195060474014127, 64.09811519283384484, -189.6861053012953278 ) ) ;
#773 = CARTESIAN_POINT ( 'NONE',  ( 149.4878857691416556, 79.09811519283383063, -45.49402122909149426 ) ) ;
#774 = DIRECTION ( 'NONE',  ( 0.000000000000000000, 1.000000000000000000, 1.224646799147352961E-16 ) ) ;
#775 = FACE_OUTER_BOUND ( 'NONE', #959, .T. ) ;
#776 = ORIENTED_EDGE ( 'NONE', *, *, #665, .F. ) ;
#777 = LINE ( 'NONE', #261, #750 ) ;
#778 = ORIENTED_EDGE ( 'NONE', *, *, #237, .F. ) ;
#779 = CARTESIAN_POINT ( 'NONE',  ( 149.4878857691416556, 79.09811519283384484, -113.4940212290915014 ) ) ;
#780 = DIRECTION ( 'NONE',  ( 7.814340216527081467E-33, 1.000000000000000000, 1.224646799147352714E-16 ) ) ;
#781 = EDGE_CURVE ( 'NONE', #258, #1298, #1388, .T. ) ;
#782 = ORIENTED_EDGE ( 'NONE', *, *, #553, .T. ) ;
#783 = ORIENTED_EDGE ( 'NONE', *, *, #118, .T. ) ;
#784 = CARTESIAN_POINT ( 'NONE',  ( 32.48094271462367288, 64.09811519283384484, -199.2764751781633379 ) ) ;
#785 = VERTEX_POINT ( 'NONE', #847 ) ;
#786 = FACE_OUTER_BOUND ( 'NONE', #60, .T. ) ;
#787 = LINE ( 'NONE', #1305, #854 ) ;
#788 = AXIS2_PLACEMENT_3D ( 'NONE', #1496, #862, #1374 ) ;
#789 = VECTOR ( 'NONE', #1026, 1000.000000000000000 ) ;
#790 = ORIENTED_EDGE ( 'NONE', *, *, #1432, .T. ) ;
#791 = AXIS2_PLACEMENT_3D ( 'NONE', #409, #660, #518 ) ;
#792 = CARTESIAN_POINT ( 'NONE',  ( -22.86476303741909888, 87.09811519283383063, -113.7688366232470827 ) ) ;
#793 = EDGE_CURVE ( 'NONE', #1219, #1338, #599, .T. ) ;
#794 = DIRECTION ( 'NONE',  ( 0.000000000000000000, 1.000000000000000000, 1.224646799147353207E-16 ) ) ;
#795 = EDGE_LOOP ( 'NONE', ( #1177, #1312, #758, #357, #911 ) ) ;
#796 = CARTESIAN_POINT ( 'NONE',  ( 186.4878857691415703, 87.09811519283385906, -287.5006361682775946 ) ) ;
#797 = CARTESIAN_POINT ( 'NONE',  ( -59.86476303741910243, 87.09811519283383063, -113.7688366232470827 ) ) ;
#798 = CARTESIAN_POINT ( 'NONE',  ( 38.81210243460866138, 79.09811519283384484, -123.6398251055668709 ) ) ;
#799 = DIRECTION ( 'NONE',  ( 1.000000000000000000, 0.000000000000000000, 0.000000000000000000 ) ) ;
#800 = LINE ( 'NONE', #1319, #662 ) ;
#801 = EDGE_CURVE ( 'NONE', #1473, #1201, #987, .T. ) ;
#802 = ORIENTED_EDGE ( 'NONE', *, *, #29, .T. ) ;
#803 = DIRECTION ( 'NONE',  ( -0.5000000000000375255, 1.060575238724879921E-16, -0.8660254037844169472 ) ) ;
#804 = EDGE_LOOP ( 'NONE', ( #1110, #1063, #405, #1247 ) ) ;
#805 = CARTESIAN_POINT ( 'NONE',  ( -62.46910321708280378, 64.09811519283385906, -225.2283962969114270 ) ) ;
#806 = LINE ( 'NONE', #538, #3 ) ;
#807 = CARTESIAN_POINT ( 'NONE',  ( 186.4878857691415988, 87.09811519283381642, -45.49402122909149426 ) ) ;
#808 = ORIENTED_EDGE ( 'NONE', *, *, #1176, .T. ) ;
#809 = FACE_OUTER_BOUND ( 'NONE', #804, .T. ) ;
#810 = EDGE_CURVE ( 'NONE', #1367, #1219, #1495, .T. ) ;
#811 = LINE ( 'NONE', #1329, #260 ) ;
#812 = ORIENTED_EDGE ( 'NONE', *, *, #355, .F. ) ;
#813 = LINE ( 'NONE', #185, #132 ) ;
#814 = DIRECTION ( 'NONE',  ( -1.000000000000000000, 0.000000000000000000, 0.000000000000000000 ) ) ;
#815 = ADVANCED_FACE ( 'NONE', ( #899 ), #27, .T. ) ;
#816 = LINE ( 'NONE', #75, #474 ) ;
#817 = VECTOR ( 'NONE', #383, 1000.000000000000000 ) ;
#818 = ORIENTED_EDGE ( 'NONE', *, *, #1443, .T. ) ;
#819 = AXIS2_PLACEMENT_3D ( 'NONE', #1032, #364, #375 ) ;
#820 = EDGE_CURVE ( 'NONE', #1201, #464, #893, .T. ) ;
#821 = VERTEX_POINT ( 'NONE', #267 ) ;
#822 = VECTOR ( 'NONE', #756, 1000.000000000000000 ) ;
#823 = ORIENTED_EDGE ( 'NONE', *, *, #1286, .F. ) ;
#824 = CARTESIAN_POINT ( 'NONE',  ( 38.81210243460860454, 79.09811519283384484, -210.2423654840108043 ) ) ;
#825 = ORIENTED_EDGE ( 'NONE', *, *, #653, .T. ) ;
#826 = FACE_OUTER_BOUND ( 'NONE', #230, .T. ) ;
#827 = LINE ( 'NONE', #577, #1167 ) ;
#828 = EDGE_CURVE ( 'NONE', #855, #272, #1280, .T. ) ;
#829 = LINE ( 'NONE', #321, #312 ) ;
#830 = ORIENTED_EDGE ( 'NONE', *, *, #843, .F. ) ;
#831 = EDGE_LOOP ( 'NONE', ( #483, #1459, #776, #79 ) ) ;
#832 = DIRECTION ( 'NONE',  ( 0.000000000000000000, -1.000000000000000000, -1.224646799147353207E-16 ) ) ;
#833 = ORIENTED_EDGE ( 'NONE', *, *, #1420, .F. ) ;
#834 = DIRECTION ( 'NONE',  ( -0.4999999999999995559, -1.060575238724906792E-16, 0.8660254037844389297 ) ) ;
#835 = VERTEX_POINT ( 'NONE', #1189 ) ;
#836 = LINE ( 'NONE', #451, #933 ) ;
#837 = EDGE_CURVE ( 'NONE', #1568, #351, #699, .T. ) ;
#838 = CARTESIAN_POINT ( 'NONE',  ( 186.4878857691415703, 79.09811519283384484, -219.5006361682775946 ) ) ;
#839 = ORIENTED_EDGE ( 'NONE', *, *, #268, .F. ) ;
#840 = VERTEX_POINT ( 'NONE', #301 ) ;
#841 = LINE ( 'NONE', #1317, #259 ) ;
#842 = VERTEX_POINT ( 'NONE', #426 ) ;
#843 = EDGE_CURVE ( 'NONE', #333, #1163, #1472, .T. ) ;
#844 = DIRECTION ( 'NONE',  ( -0.9999741542096702851, 8.804768703867119385E-19, -0.007189639257618885698 ) ) ;
#845 = EDGE_LOOP ( 'NONE', ( #501, #620, #1538 ) ) ;
#846 = CARTESIAN_POINT ( 'NONE',  ( 49.09195060474014127, 64.09811519283384484, -189.6861053012953278 ) ) ;
#847 = CARTESIAN_POINT ( 'NONE',  ( 149.4878857691416556, 87.09811519283381642, -45.49402122909149426 ) ) ;
#848 = PLANE ( 'NONE',  #127 ) ;
#849 = EDGE_CURVE ( 'NONE', #182, #1330, #434, .T. ) ;
#850 = EDGE_LOOP ( 'NONE', ( #208, #456, #2, #740, #736, #1131 ) ) ;
#851 = EDGE_CURVE ( 'NONE', #1163, #771, #69, .T. ) ;
#852 = AXIS2_PLACEMENT_3D ( 'NONE', #531, #249, #1051 ) ;
#853 = ORIENTED_EDGE ( 'NONE', *, *, #1286, .T. ) ;
#854 = VECTOR ( 'NONE', #639, 1000.000000000000114 ) ;
#855 = VERTEX_POINT ( 'NONE', #1575 ) ;
#856 = CARTESIAN_POINT ( 'NONE',  ( 149.4878857691416272, 79.09811519283385906, -287.5006361682775946 ) ) ;
#857 = VECTOR ( 'NONE', #1560, 1000.000000000000000 ) ;
#858 = VERTEX_POINT ( 'NONE', #443 ) ;
#859 = VECTOR ( 'NONE', #1579, 1000.000000000000000 ) ;
#860 = CARTESIAN_POINT ( 'NONE',  ( 186.4878857691415988, 87.09811519283383063, -113.4940212290915014 ) ) ;
#861 = VECTOR ( 'NONE', #156, 999.9999999999998863 ) ;
#862 = DIRECTION ( 'NONE',  ( -0.000000000000000000, -1.000000000000000000, -1.224646799147353207E-16 ) ) ;
#863 = ORIENTED_EDGE ( 'NONE', *, *, #1009, .F. ) ;
#864 = ORIENTED_EDGE ( 'NONE', *, *, #268, .T. ) ;
#865 = ADVANCED_FACE ( 'NONE', ( #809 ), #1059, .F. ) ;
#866 = DIRECTION ( 'NONE',  ( -0.8660254037844387076, -6.123233995736758640E-17, 0.4999999999999997224 ) ) ;
#867 = ORIENTED_EDGE ( 'NONE', *, *, #1309, .T. ) ;
#868 = CARTESIAN_POINT ( 'NONE',  ( 188.2265848966628141, 79.09811519283384484, -224.2110494023042691 ) ) ;
#869 = DIRECTION ( 'NONE',  ( 0.8660254037844780095, -6.123233995735927871E-17, 0.4999999999999317768 ) ) ;
#870 = LINE ( 'NONE', #726, #1518 ) ;
#871 = ORIENTED_EDGE ( 'NONE', *, *, #1389, .T. ) ;
#872 = ORIENTED_EDGE ( 'NONE', *, *, #411, .T. ) ;
#873 = CARTESIAN_POINT ( 'NONE',  ( 175.7265848966628141, 79.09811519283385906, -245.8616844969152169 ) ) ;
#874 = LINE ( 'NONE', #1386, #1411 ) ;
#875 = EDGE_CURVE ( 'NONE', #154, #1134, #1100, .T. ) ;
#876 = DIRECTION ( 'NONE',  ( -0.4999999999999998890, 1.060575238724906668E-16, -0.8660254037844387076 ) ) ;
#877 = CARTESIAN_POINT ( 'NONE',  ( 113.8121024346086188, 64.09811519283384484, -166.9410952947888802 ) ) ;
#878 = DIRECTION ( 'NONE',  ( -0.5000000000000004441, -1.060575238724906175E-16, 0.8660254037844383745 ) ) ;
#879 = EDGE_CURVE ( 'NONE', #840, #603, #1603, .T. ) ;
#880 = ORIENTED_EDGE ( 'NONE', *, *, #1530, .F. ) ;
#881 = DIRECTION ( 'NONE',  ( -1.000000000000000000, 0.000000000000000000, 0.000000000000000000 ) ) ;
#882 = FILL_AREA_STYLE_COLOUR ( '', #1393 ) ;
#883 = AXIS2_PLACEMENT_3D ( 'NONE', #330, #706, #46 ) ;
#884 = VECTOR ( 'NONE', #929, 1000.000000000000000 ) ;
#885 = PLANE ( 'NONE',  #690 ) ;
#886 = ADVANCED_FACE ( 'NONE', ( #1563 ), #708, .F. ) ;
#887 = VECTOR ( 'NONE', #438, 1000.000000000000000 ) ;
#888 = VECTOR ( 'NONE', #97, 1000.000000000000000 ) ;
#889 = CARTESIAN_POINT ( 'NONE',  ( 175.7265848966628141, 64.09811519283385906, -245.8616844969152169 ) ) ;
#890 = ORIENTED_EDGE ( 'NONE', *, *, #1498, .F. ) ;
#891 = LINE ( 'NONE', #1638, #500 ) ;
#892 = CARTESIAN_POINT ( 'NONE',  ( 13.81210243460861875, 79.09811519283384484, -166.9410952947888518 ) ) ;
#893 = LINE ( 'NONE', #1034, #1520 ) ;
#894 = CARTESIAN_POINT ( 'NONE',  ( 37.49273753209232041, 87.09811519283383063, -169.8765711180777203 ) ) ;
#895 = EDGE_CURVE ( 'NONE', #239, #503, #841, .T. ) ;
#896 = ORIENTED_EDGE ( 'NONE', *, *, #1644, .F. ) ;
#897 = LINE ( 'NONE', #1017, #905 ) ;
#898 = DIRECTION ( 'NONE',  ( -0.000000000000000000, -1.000000000000000000, -1.224646799147353207E-16 ) ) ;
#899 = FACE_OUTER_BOUND ( 'NONE', #1360, .T. ) ;
#900 = CARTESIAN_POINT ( 'NONE',  ( 38.81210243460866138, 64.09811519283384484, -123.6398251055668709 ) ) ;
#901 = ORIENTED_EDGE ( 'NONE', *, *, #482, .F. ) ;
#902 = EDGE_CURVE ( 'NONE', #1134, #1500, #582, .T. ) ;
#903 = CARTESIAN_POINT ( 'NONE',  ( -49.96910321708278957, 64.09811519283385906, -246.8790313915224033 ) ) ;
#904 = VECTOR ( 'NONE', #661, 1000.000000000000000 ) ;
#905 = VECTOR ( 'NONE', #1514, 1000.000000000000000 ) ;
#906 = LINE ( 'NONE', #530, #1627 ) ;
#907 = CARTESIAN_POINT ( 'NONE',  ( 186.4878857691415703, 87.09811519283385906, -287.5006361682775946 ) ) ;
#908 = AXIS2_PLACEMENT_3D ( 'NONE', #394, #1159, #285 ) ;
#909 = EDGE_CURVE ( 'NONE', #1417, #1392, #205, .T. ) ;
#910 = VECTOR ( 'NONE', #1521, 1000.000000000000000 ) ;
#911 = ORIENTED_EDGE ( 'NONE', *, *, #1164, .T. ) ;
#912 = EDGE_CURVE ( 'NONE', #855, #1473, #332, .T. ) ;
#913 = DIRECTION ( 'NONE',  ( 0.000000000000000000, 1.224646799147353207E-16, -1.000000000000000000 ) ) ;
#914 = FACE_OUTER_BOUND ( 'NONE', #1512, .T. ) ;
#915 = CARTESIAN_POINT ( 'NONE',  ( 88.81210243460863296, 79.09811519283384484, -210.2423654840108043 ) ) ;
#916 = EDGE_CURVE ( 'NONE', #785, #1376, #414, .T. ) ;
#917 = EDGE_LOOP ( 'NONE', ( #783, #1455, #490, #408 ) ) ;
#918 = ORIENTED_EDGE ( 'NONE', *, *, #849, .F. ) ;
#919 = LINE ( 'NONE', #1154, #1260 ) ;
#920 = ORIENTED_EDGE ( 'NONE', *, *, #1572, .T. ) ;
#921 = LINE ( 'NONE', #1559, #1227 ) ;
#922 = DIRECTION ( 'NONE',  ( -0.8660254037844387076, -6.123233995736758640E-17, 0.4999999999999997224 ) ) ;
#923 = ORIENTED_EDGE ( 'NONE', *, *, #941, .T. ) ;
#924 = ADVANCED_FACE ( 'NONE', ( #48 ), #942, .T. ) ;
#925 = LINE ( 'NONE', #1158, #1068 ) ;
#926 = FACE_OUTER_BOUND ( 'NONE', #831, .T. ) ;
#927 = ORIENTED_EDGE ( 'NONE', *, *, #134, .T. ) ;
#928 = DIRECTION ( 'NONE',  ( 0.000000000000000000, 1.000000000000000000, 1.224646799147352961E-16 ) ) ;
#929 = DIRECTION ( 'NONE',  ( 7.814340216527080098E-33, 1.000000000000000000, 1.224646799147352714E-16 ) ) ;
#930 = VECTOR ( 'NONE', #186, 1000.000000000000000 ) ;
#931 = EDGE_CURVE ( 'NONE', #1613, #1235, #510, .T. ) ;
#932 = DIRECTION ( 'NONE',  ( 0.000000000000000000, -1.224646799147353207E-16, 1.000000000000000000 ) ) ;
#933 = VECTOR ( 'NONE', #558, 1000.000000000000000 ) ;
#934 = DIRECTION ( 'NONE',  ( 0.8660254037844780095, -6.123233995735929104E-17, 0.4999999999999318323 ) ) ;
#935 = EDGE_LOOP ( 'NONE', ( #1493, #130, #128, #570, #580 ) ) ;
#936 = LINE ( 'NONE', #1279, #213 ) ;
#937 = VERTEX_POINT ( 'NONE', #164 ) ;
#938 = DIRECTION ( 'NONE',  ( -1.188285581044112613E-16, 1.224646799147352961E-16, -1.000000000000000000 ) ) ;
#939 = CARTESIAN_POINT ( 'NONE',  ( 186.4878857691415703, 79.09811519283384484, -223.2072109929901274 ) ) ;
#940 = DIRECTION ( 'NONE',  ( -1.000000000000000000, 0.000000000000000000, 0.000000000000000000 ) ) ;
#941 = EDGE_CURVE ( 'NONE', #464, #1376, #387, .T. ) ;
#942 = PLANE ( 'NONE',  #85 ) ;
#943 = CARTESIAN_POINT ( 'NONE',  ( -48.19835033648805478, 79.09811519283383063, -87.71104940230488012 ) ) ;
#944 = ORIENTED_EDGE ( 'NONE', *, *, #360, .T. ) ;
#945 = EDGE_CURVE ( 'NONE', #1217, #835, #1552, .T. ) ;
#946 = DIRECTION ( 'NONE',  ( -0.5000000000000004441, -1.060575238724906175E-16, 0.8660254037844383745 ) ) ;
#947 = CARTESIAN_POINT ( 'NONE',  ( -22.86476303742259475, 87.09811519283385906, -287.5006361682775946 ) ) ;
#948 = DIRECTION ( 'NONE',  ( -0.5000000000000001110, 1.060575238724906545E-16, -0.8660254037844385966 ) ) ;
#949 = VERTEX_POINT ( 'NONE', #1049 ) ;
#950 = ORIENTED_EDGE ( 'NONE', *, *, #527, .T. ) ;
#951 = CARTESIAN_POINT ( 'NONE',  ( 186.4878857691415988, 87.09811519283383063, -113.4940212290915014 ) ) ;
#952 = ADVANCED_FACE ( 'NONE', ( #914 ), #1295, .F. ) ;
#953 = LINE ( 'NONE', #943, #998 ) ;
#954 = ORIENTED_EDGE ( 'NONE', *, *, #1348, .F. ) ;
#955 = FACE_OUTER_BOUND ( 'NONE', #1206, .T. ) ;
#956 = CARTESIAN_POINT ( 'NONE',  ( -60.69835033648900691, 79.09811519283383063, -109.3616844969153163 ) ) ;
#957 = CARTESIAN_POINT ( 'NONE',  ( -61.04281237911158087, 79.09811519283385906, -227.6988044946475895 ) ) ;
#958 = VECTOR ( 'NONE', #173, 1000.000000000000000 ) ;
#959 = EDGE_LOOP ( 'NONE', ( #1308, #1118, #1464, #1460 ) ) ;
#960 = VECTOR ( 'NONE', #1233, 1000.000000000000000 ) ;
#961 = ORIENTED_EDGE ( 'NONE', *, *, #360, .F. ) ;
#962 = DIRECTION ( 'NONE',  ( -1.067458724959038546E-32, -1.000000000000000000, -1.224646799147352961E-16 ) ) ;
#963 = AXIS2_PLACEMENT_3D ( 'NONE', #1218, #77, #799 ) ;
#964 = ORIENTED_EDGE ( 'NONE', *, *, #673, .T. ) ;
#965 = PLANE ( 'NONE',  #1281 ) ;
#966 = ORIENTED_EDGE ( 'NONE', *, *, #990, .F. ) ;
#967 = EDGE_CURVE ( 'NONE', #840, #101, #906, .T. ) ;
#968 = CARTESIAN_POINT ( 'NONE',  ( 180.0679098506837477, 79.09811519283384484, -219.5006361682775946 ) ) ;
#969 = DIRECTION ( 'NONE',  ( -0.4999999999999997780, 1.060575238724906915E-16, -0.8660254037844388186 ) ) ;
#970 = CARTESIAN_POINT ( 'NONE',  ( 113.8121024346086188, 79.09811519283384484, -166.9410952947888802 ) ) ;
#971 = APPLICATION_CONTEXT ( 'automotive_design' ) ;
#972 = ORIENTED_EDGE ( 'NONE', *, *, #1174, .F. ) ;
#973 = EDGE_CURVE ( 'NONE', #471, #1083, #1065, .T. ) ;
#974 = DIRECTION ( 'NONE',  ( 0.000000000000000000, 1.000000000000000000, 1.224646799147352961E-16 ) ) ;
#975 = EDGE_LOOP ( 'NONE', ( #1299, #339, #160, #174, #445 ) ) ;
#976 = LINE ( 'NONE', #1577, #525 ) ;
#977 = ORIENTED_EDGE ( 'NONE', *, *, #653, .F. ) ;
#978 = CARTESIAN_POINT ( 'NONE',  ( -59.86476303742259120, 79.09811519283384484, -223.7247797931235027 ) ) ;
#979 = EDGE_CURVE ( 'NONE', #264, #754, #1186, .T. ) ;
#980 = EDGE_CURVE ( 'NONE', #1302, #206, #1414, .T. ) ;
#981 = DIRECTION ( 'NONE',  ( 0.000000000000000000, 1.000000000000000000, 1.224646799147352961E-16 ) ) ;
#982 = ORIENTED_EDGE ( 'NONE', *, *, #1405, .T. ) ;
#983 = ORIENTED_EDGE ( 'NONE', *, *, #150, .T. ) ;
#984 = LINE ( 'NONE', #491, #320 ) ;
#985 = VERTEX_POINT ( 'NONE', #262 ) ;
#986 = DIRECTION ( 'NONE',  ( -0.4999999999999318323, -1.060575238724954616E-16, 0.8660254037844780095 ) ) ;
#987 = LINE ( 'NONE', #1362, #283 ) ;
#988 = PLANE ( 'NONE',  #788 ) ;
#989 = VERTEX_POINT ( 'NONE', #537 ) ;
#990 = EDGE_CURVE ( 'NONE', #1298, #734, #148, .T. ) ;
#991 = VECTOR ( 'NONE', #1116, 1000.000000000000227 ) ;
#992 = ORIENTED_EDGE ( 'NONE', *, *, #875, .T. ) ;
#993 = VECTOR ( 'NONE', #866, 1000.000000000000114 ) ;
#994 = ORIENTED_EDGE ( 'NONE', *, *, #462, .F. ) ;
#995 = APPLICATION_PROTOCOL_DEFINITION ( 'draft international standard', 'automotive_design', 1998, #971 ) ;
#996 = VECTOR ( 'NONE', #177, 1000.000000000000227 ) ;
#997 = ORIENTED_EDGE ( 'NONE', *, *, #237, .T. ) ;
#998 = VECTOR ( 'NONE', #803, 1000.000000000000114 ) ;
#999 = DIRECTION ( 'NONE',  ( 1.000000000000000000, 0.000000000000000000, 0.000000000000000000 ) ) ;
#1000 = CARTESIAN_POINT ( 'NONE',  ( 149.4878857691416556, 87.09811519283383063, -113.4940212290915014 ) ) ;
#1001 = DIRECTION ( 'NONE',  ( -0.4999999999999317768, -1.060575238724954740E-16, 0.8660254037844780095 ) ) ;
#1002 = ORIENTED_EDGE ( 'NONE', *, *, #1619, .T. ) ;
#1003 = ADVANCED_FACE ( 'NONE', ( #546 ), #1287, .T. ) ;
#1004 = EDGE_LOOP ( 'NONE', ( #68, #1208, #1228, #287, #1015, #609, #215, #633, #331, #1636, #1105, #1628, #1399, #675, #221, #189, #1126, #557, #1586, #428, #1098, #992 ) ) ;
#1005 = DIRECTION ( 'NONE',  ( 0.000000000000000000, 1.000000000000000000, 1.224646799147353207E-16 ) ) ;
#1006 = LINE ( 'NONE', #615, #345 ) ;
#1007 = CARTESIAN_POINT ( 'NONE',  ( 38.81210243460860454, 79.09811519283384484, -210.2423654840108043 ) ) ;
#1008 = ORIENTED_EDGE ( 'NONE', *, *, #967, .F. ) ;
#1009 = EDGE_CURVE ( 'NONE', #1102, #858, #921, .T. ) ;
#1010 = CARTESIAN_POINT ( 'NONE',  ( 49.09195060474014127, 79.09811519283384484, -189.6861053012953278 ) ) ;
#1011 =( LENGTH_UNIT ( ) NAMED_UNIT ( * ) SI_UNIT ( .MILLI., .METRE. ) );
#1012 = ADVANCED_FACE ( 'NONE', ( #18 ), #676, .F. ) ;
#1013 = CARTESIAN_POINT ( 'NONE',  ( 186.4878857691415703, 79.09811519283385906, -287.5006361682775946 ) ) ;
#1014 = LINE ( 'NONE', #495, #1301 ) ;
#1015 = ORIENTED_EDGE ( 'NONE', *, *, #543, .T. ) ;
#1016 = LINE ( 'NONE', #1248, #910 ) ;
#1017 = CARTESIAN_POINT ( 'NONE',  ( -48.19835033648805478, 64.09811519283383063, -87.71104940230488012 ) ) ;
#1018 = VECTOR ( 'NONE', #780, 1000.000000000000000 ) ;
#1019 = VECTOR ( 'NONE', #161, 1000.000000000000000 ) ;
#1020 = CARTESIAN_POINT ( 'NONE',  ( 38.81210243460860454, 64.09811519283384484, -210.2423654840108043 ) ) ;
#1021 = AXIS2_PLACEMENT_3D ( 'NONE', #209, #703, #92 ) ;
#1022 = EDGE_CURVE ( 'NONE', #657, #937, #44, .T. ) ;
#1023 = DIRECTION ( 'NONE',  ( -0.4999999999999996114, 1.060575238724907038E-16, -0.8660254037844389297 ) ) ;
#1024 = ORIENTED_EDGE ( 'NONE', *, *, #462, .T. ) ;
#1025 = EDGE_CURVE ( 'NONE', #1384, #1302, #296, .T. ) ;
#1026 = DIRECTION ( 'NONE',  ( -1.000000000000000000, 0.000000000000000000, 0.000000000000000000 ) ) ;
#1027 = FACE_OUTER_BOUND ( 'NONE', #147, .T. ) ;
#1028 = ADVANCED_FACE ( 'NONE', ( #1168 ), #652, .F. ) ;
#1029 = DIRECTION ( 'NONE',  ( -0.8660254037844389297, 6.123233995736759873E-17, -0.4999999999999995559 ) ) ;
#1030 = ORIENTED_EDGE ( 'NONE', *, *, #1067, .T. ) ;
#1031 = ADVANCED_BREP_SHAPE_REPRESENTATION ( '3.5', ( #578, #1470 ), #1103 ) ;
#1032 = CARTESIAN_POINT ( 'NONE',  ( 38.81210243460860454, 64.09811519283384484, -210.2423654840108043 ) ) ;
#1033 = CARTESIAN_POINT ( 'NONE',  ( 19.98094271462365867, 79.09811519283384484, -177.6258400835523332 ) ) ;
#1034 = CARTESIAN_POINT ( 'NONE',  ( 36.59195060474183947, 79.09811519283384484, -168.0354702066833568 ) ) ;
#1035 = CARTESIAN_POINT ( 'NONE',  ( 188.2265848966628141, 79.09811519283384484, -224.2110494023042691 ) ) ;
#1036 = DIRECTION ( 'NONE',  ( -0.000000000000000000, 1.000000000000000000, 1.224646799147353207E-16 ) ) ;
#1037 = ORIENTED_EDGE ( 'NONE', *, *, #810, .T. ) ;
#1038 = ADVANCED_FACE ( 'NONE', ( #786 ), #670, .F. ) ;
#1039 = CARTESIAN_POINT ( 'NONE',  ( 149.4878857691416272, 87.09811519283384484, -219.5006361682775946 ) ) ;
#1040 = CARTESIAN_POINT ( 'NONE',  ( 107.6171054847834938, 64.09811519283384484, -177.6711447646202089 ) ) ;
#1041 = VECTOR ( 'NONE', #1066, 1000.000000000000000 ) ;
#1042 = CARTESIAN_POINT ( 'NONE',  ( 38.81210243460860454, 64.09811519283384484, -210.2423654840108043 ) ) ;
#1043 = DIRECTION ( 'NONE',  ( -0.8660254037844388186, -6.123233995736757408E-17, 0.4999999999999996114 ) ) ;
#1044 = VECTOR ( 'NONE', #774, 1000.000000000000000 ) ;
#1045 = ORIENTED_EDGE ( 'NONE', *, *, #618, .F. ) ;
#1046 = DIRECTION ( 'NONE',  ( -0.4999999999999318323, -1.060575238724954863E-16, 0.8660254037844780095 ) ) ;
#1047 = DIRECTION ( 'NONE',  ( 1.000000000000000000, 0.000000000000000000, 0.000000000000000000 ) ) ;
#1048 = ORIENTED_EDGE ( 'NONE', *, *, #553, .F. ) ;
#1049 = CARTESIAN_POINT ( 'NONE',  ( 107.4809427146270906, 64.09811519283384484, -155.9752049889472971 ) ) ;
#1050 = ADVANCED_FACE ( 'NONE', ( #1596 ), #1094, .F. ) ;
#1051 = DIRECTION ( 'NONE',  ( -0.9999741542096702851, 8.804768703867119385E-19, -0.007189639257618885698 ) ) ;
#1052 = ORIENTED_EDGE ( 'NONE', *, *, #118, .F. ) ;
#1053 = DIRECTION ( 'NONE',  ( -0.4999999999999997780, 1.060575238724906915E-16, -0.8660254037844388186 ) ) ;
#1054 = DIRECTION ( 'NONE',  ( -0.000000000000000000, 1.000000000000000000, 1.224646799147353207E-16 ) ) ;
#1055 = EDGE_LOOP ( 'NONE', ( #356, #1601, #1502 ) ) ;
#1056 = DIRECTION ( 'NONE',  ( -1.925929944387235425E-34, -1.000000000000000000, -1.224646799147352468E-16 ) ) ;
#1057 = CARTESIAN_POINT ( 'NONE',  ( 175.7265848966628141, 64.09811519283385906, -245.8616844969152169 ) ) ;
#1058 = ORIENTED_EDGE ( 'NONE', *, *, #781, .T. ) ;
#1059 = PLANE ( 'NONE',  #1306 ) ;
#1060 = LINE ( 'NONE', #399, #24 ) ;
#1061 = ORIENTED_EDGE ( 'NONE', *, *, #1320, .F. ) ;
#1062 = CARTESIAN_POINT ( 'NONE',  ( -59.86476303742259830, 79.09811519283385906, -287.5006361682775946 ) ) ;
#1063 = ORIENTED_EDGE ( 'NONE', *, *, #1443, .F. ) ;
#1064 = VECTOR ( 'NONE', #1383, 1000.000000000000000 ) ;
#1065 = LINE ( 'NONE', #1035, #1197 ) ;
#1066 = DIRECTION ( 'NONE',  ( 6.162975822039156098E-33, 1.000000000000000000, 1.224646799147352961E-16 ) ) ;
#1067 = EDGE_CURVE ( 'NONE', #351, #855, #1608, .T. ) ;
#1068 = VECTOR ( 'NONE', #282, 1000.000000000000114 ) ;
#1069 = AXIS2_PLACEMENT_3D ( 'NONE', #1251, #1263, #497 ) ;
#1070 = PLANE ( 'NONE',  #444 ) ;
#1071 = AXIS2_PLACEMENT_3D ( 'NONE', #365, #477, #242 ) ;
#1072 = VECTOR ( 'NONE', #1238, 1000.000000000000000 ) ;
#1073 = DIRECTION ( 'NONE',  ( -0.4999999999999998890, 1.060575238724906668E-16, -0.8660254037844387076 ) ) ;
#1074 = CARTESIAN_POINT ( 'NONE',  ( 88.81210243460866138, 79.09811519283384484, -123.6398251055668851 ) ) ;
#1075 = EDGE_CURVE ( 'NONE', #603, #323, #836, .T. ) ;
#1076 = VERTEX_POINT ( 'NONE', #978 ) ;
#1077 = DIRECTION ( 'NONE',  ( -0.8660254037844384856, -6.123233995736768501E-17, 0.5000000000000004441 ) ) ;
#1078 = DIRECTION ( 'NONE',  ( -1.925929944387235425E-34, -1.000000000000000000, -1.224646799147352468E-16 ) ) ;
#1079 = PRODUCT_RELATED_PRODUCT_CATEGORY ( 'part', '', ( #1086 ) ) ;
#1080 = DIRECTION ( 'NONE',  ( 0.000000000000000000, -1.000000000000000000, -1.224646799147353207E-16 ) ) ;
#1081 = EDGE_LOOP ( 'NONE', ( #350, #96, #1481, #711, #867 ) ) ;
#1082 = LINE ( 'NONE', #80, #240 ) ;
#1083 = VERTEX_POINT ( 'NONE', #968 ) ;
#1084 = DIRECTION ( 'NONE',  ( -1.000000000000000000, -1.444447458290427163E-32, 1.188285581044113106E-16 ) ) ;
#1085 = DIRECTION ( 'NONE',  ( -0.000000000000000000, -1.000000000000000000, -1.224646799147353207E-16 ) ) ;
#1086 = PRODUCT ( '3.5', '3.5', '', ( #746 ) ) ;
#1087 = DIRECTION ( 'NONE',  ( -1.651364394487921263E-33, -1.000000000000000000, -1.224646799147352714E-16 ) ) ;
#1088 = EDGE_LOOP ( 'NONE', ( #137, #325, #1404, #1618 ) ) ;
#1089 = CARTESIAN_POINT ( 'NONE',  ( 173.9558320160814162, 64.09811519283383063, -88.72839629692902008 ) ) ;
#1090 = EDGE_CURVE ( 'NONE', #949, #154, #1465, .T. ) ;
#1091 = VERTEX_POINT ( 'NONE', #1352 ) ;
#1092 = LINE ( 'NONE', #1594, #751 ) ;
#1093 = ORIENTED_EDGE ( 'NONE', *, *, #1549, .F. ) ;
#1094 = PLANE ( 'NONE',  #284 ) ;
#1095 = CARTESIAN_POINT ( 'NONE',  ( 13.81210243460861875, 64.09811519283384484, -166.9410952947888518 ) ) ;
#1096 = CARTESIAN_POINT ( 'NONE',  ( 13.81210243460861875, 64.09811519283384484, -166.9410952947888518 ) ) ;
#1097 = VECTOR ( 'NONE', #753, 1000.000000000000114 ) ;
#1098 = ORIENTED_EDGE ( 'NONE', *, *, #1090, .T. ) ;
#1099 = AXIS2_PLACEMENT_3D ( 'NONE', #772, #1046, #934 ) ;
#1100 = LINE ( 'NONE', #1347, #996 ) ;
#1101 = VECTOR ( 'NONE', #1445, 1000.000000000000000 ) ;
#1102 = VERTEX_POINT ( 'NONE', #576 ) ;
#1103 =( GEOMETRIC_REPRESENTATION_CONTEXT ( 3 ) GLOBAL_UNCERTAINTY_ASSIGNED_CONTEXT ( ( #1242 ) ) GLOBAL_UNIT_ASSIGNED_CONTEXT ( ( #340, #1400, #1507 ) ) REPRESENTATION_CONTEXT ( 'NONE', 'WORKASPACE' ) );
#1104 = FACE_OUTER_BOUND ( 'NONE', #728, .T. ) ;
#1105 = ORIENTED_EDGE ( 'NONE', *, *, #781, .F. ) ;
#1106 = LINE ( 'NONE', #723, #1368 ) ;
#1107 = CARTESIAN_POINT ( 'NONE',  ( 94.98094271462711902, 64.09811519283384484, -134.3245698943362640 ) ) ;
#1108 = EDGE_LOOP ( 'NONE', ( #1551, #1433, #702, #1182 ) ) ;
#1109 = ORIENTED_EDGE ( 'NONE', *, *, #545, .T. ) ;
#1110 = ORIENTED_EDGE ( 'NONE', *, *, #1209, .T. ) ;
#1111 = DIRECTION ( 'NONE',  ( 0.000000000000000000, -1.224646799147353207E-16, 1.000000000000000000 ) ) ;
#1112 = VERTEX_POINT ( 'NONE', #328 ) ;
#1113 = FACE_OUTER_BOUND ( 'NONE', #15, .T. ) ;
#1114 = DIRECTION ( 'NONE',  ( 0.4999999999999991118, 1.060575238724907161E-16, -0.8660254037844391517 ) ) ;
#1115 = ADVANCED_FACE ( 'NONE', ( #461 ), #202, .T. ) ;
#1116 = DIRECTION ( 'NONE',  ( 0.8660254037844780095, -6.123233995735927871E-17, 0.4999999999999317768 ) ) ;
#1117 = ORIENTED_EDGE ( 'NONE', *, *, #1453, .F. ) ;
#1118 = ORIENTED_EDGE ( 'NONE', *, *, #742, .T. ) ;
#1119 = VERTEX_POINT ( 'NONE', #1486 ) ;
#1120 = ORIENTED_EDGE ( 'NONE', *, *, #849, .T. ) ;
#1121 = CARTESIAN_POINT ( 'NONE',  ( 186.4878857691415988, 87.09811519283383063, -113.4940212290915014 ) ) ;
#1122 = EDGE_CURVE ( 'NONE', #1417, #300, #598, .T. ) ;
#1123 = DIRECTION ( 'NONE',  ( -1.000000000000000000, 0.000000000000000000, 0.000000000000000000 ) ) ;
#1124 = ORIENTED_EDGE ( 'NONE', *, *, #523, .T. ) ;
#1125 = VECTOR ( 'NONE', #478, 1000.000000000000114 ) ;
#1126 = ORIENTED_EDGE ( 'NONE', *, *, #1272, .F. ) ;
#1127 = EDGE_CURVE ( 'NONE', #642, #1102, #219, .T. ) ;
#1128 = PLANE ( 'NONE',  #1229 ) ;
#1129 = VECTOR ( 'NONE', #624, 1000.000000000000000 ) ;
#1130 = PRESENTATION_STYLE_ASSIGNMENT (( #644 ) ) ;
#1131 = ORIENTED_EDGE ( 'NONE', *, *, #770, .F. ) ;
#1132 = LINE ( 'NONE', #629, #479 ) ;
#1133 = PLANE ( 'NONE',  #612 ) ;
#1134 = VERTEX_POINT ( 'NONE', #1361 ) ;
#1135 = EDGE_CURVE ( 'NONE', #727, #564, #318, .T. ) ;
#1136 = ORIENTED_EDGE ( 'NONE', *, *, #89, .F. ) ;
#1137 =( NAMED_UNIT ( * ) PLANE_ANGLE_UNIT ( ) SI_UNIT ( $, .RADIAN. ) );
#1138 = EDGE_CURVE ( 'NONE', #1392, #761, #1106, .T. ) ;
#1139 = CARTESIAN_POINT ( 'NONE',  ( 186.4878857691415988, 87.09811519283383063, -113.4940212290915014 ) ) ;
#1140 = CARTESIAN_POINT ( 'NONE',  ( -60.69835033648900691, 64.09811519283384484, -109.3616844969153163 ) ) ;
#1141 = VERTEX_POINT ( 'NONE', #429 ) ;
#1142 = DIRECTION ( 'NONE',  ( -0.000000000000000000, -1.000000000000000000, -1.224646799147353207E-16 ) ) ;
#1143 = ADVANCED_FACE ( 'NONE', ( #955 ), #1332, .F. ) ;
#1144 = DIRECTION ( 'NONE',  ( 1.000000000000000000, 0.000000000000000000, 0.000000000000000000 ) ) ;
#1145 = CARTESIAN_POINT ( 'NONE',  ( 94.98094271462711902, 79.09811519283384484, -134.3245698943362640 ) ) ;
#1146 = PLANE ( 'NONE',  #178 ) ;
#1147 = ORIENTED_EDGE ( 'NONE', *, *, #1215, .T. ) ;
#1148 = CARTESIAN_POINT ( 'NONE',  ( -22.86476303742259475, 87.09811519283385906, -287.5006361682775946 ) ) ;
#1149 = CARTESIAN_POINT ( 'NONE',  ( 88.81210243460866138, 64.09811519283384484, -123.6398251055668851 ) ) ;
#1150 = VECTOR ( 'NONE', #1323, 999.9999999999998863 ) ;
#1151 = DIRECTION ( 'NONE',  ( -0.8660254037844388186, -6.123233995736757408E-17, 0.4999999999999995559 ) ) ;
#1152 = EDGE_LOOP ( 'NONE', ( #1199, #648, #1173, #977, #853 ) ) ;
#1153 = CARTESIAN_POINT ( 'NONE',  ( 186.4878857691415703, 87.09811519283384484, -219.5006361682775946 ) ) ;
#1154 = CARTESIAN_POINT ( 'NONE',  ( 38.81210243460860454, 79.09811519283384484, -210.2423654840108043 ) ) ;
#1155 = CARTESIAN_POINT ( 'NONE',  ( -22.86476303741909888, 87.09811519283381642, -45.76883662324707558 ) ) ;
#1156 = ADVANCED_FACE ( 'NONE', ( #1113 ), #1614, .T. ) ;
#1157 = ORIENTED_EDGE ( 'NONE', *, *, #1453, .T. ) ;
#1158 = CARTESIAN_POINT ( 'NONE',  ( 175.7265848966628141, 64.09811519283385906, -245.8616844969152169 ) ) ;
#1159 = DIRECTION ( 'NONE',  ( 0.8660254037844385966, 6.123233995736766036E-17, -0.5000000000000001110 ) ) ;
#1160 = CARTESIAN_POINT ( 'NONE',  ( 186.4878857691415703, 87.09811519283384484, -219.5006361682775946 ) ) ;
#1161 = CARTESIAN_POINT ( 'NONE',  ( 37.49273753209232041, 87.09811519283383063, -169.8765711180777203 ) ) ;
#1162 = ADVANCED_FACE ( 'NONE', ( #826 ), #1494, .F. ) ;
#1163 = VERTEX_POINT ( 'NONE', #860 ) ;
#1164 = EDGE_CURVE ( 'NONE', #264, #1377, #306, .T. ) ;
#1165 = CARTESIAN_POINT ( 'NONE',  ( -22.86476303741909888, 87.09811519283381642, -45.76883662324707558 ) ) ;
#1166 = ORIENTED_EDGE ( 'NONE', *, *, #851, .F. ) ;
#1167 = VECTOR ( 'NONE', #1477, 1000.000000000000114 ) ;
#1168 = FACE_OUTER_BOUND ( 'NONE', #709, .T. ) ;
#1169 = PRODUCT_DEFINITION_CONTEXT ( 'detailed design', #1537, 'design' ) ;
#1170 = DIRECTION ( 'NONE',  ( -0.000000000000000000, -1.000000000000000000, -1.224646799147353207E-16 ) ) ;
#1171 = AXIS2_PLACEMENT_3D ( 'NONE', #396, #30, #277 ) ;
#1172 = VECTOR ( 'NONE', #304, 1000.000000000000227 ) ;
#1173 = ORIENTED_EDGE ( 'NONE', *, *, #512, .F. ) ;
#1174 = EDGE_CURVE ( 'NONE', #323, #206, #813, .T. ) ;
#1175 = LINE ( 'NONE', #792, #1019 ) ;
#1176 = EDGE_CURVE ( 'NONE', #949, #657, #1588, .T. ) ;
#1177 = ORIENTED_EDGE ( 'NONE', *, *, #1587, .T. ) ;
#1178 = LINE ( 'NONE', #274, #861 ) ;
#1179 = ORIENTED_EDGE ( 'NONE', *, *, #1587, .F. ) ;
#1180 = CARTESIAN_POINT ( 'NONE',  ( 150.4531682710032214, 79.09811519283385906, -231.2700706047491224 ) ) ;
#1181 = LINE ( 'NONE', #37, #689 ) ;
#1182 = ORIENTED_EDGE ( 'NONE', *, *, #752, .T. ) ;
#1183 = ADVANCED_FACE ( 'NONE', ( #1241 ), #604, .T. ) ;
#1184 = LINE ( 'NONE', #40, #286 ) ;
#1185 = ORIENTED_EDGE ( 'NONE', *, *, #232, .F. ) ;
#1186 = LINE ( 'NONE', #420, #1599 ) ;
#1187 = CARTESIAN_POINT ( 'NONE',  ( 188.2265848966628141, 64.09811519283385906, -224.2110494023042691 ) ) ;
#1188 = DIRECTION ( 'NONE',  ( -0.000000000000000000, -1.000000000000000000, -1.224646799147353207E-16 ) ) ;
#1189 = CARTESIAN_POINT ( 'NONE',  ( 186.4878857691415703, 87.09811519283385906, -287.5006361682775946 ) ) ;
#1190 = CARTESIAN_POINT ( 'NONE',  ( -48.19835033648805478, 79.09811519283383063, -87.71104940230488012 ) ) ;
#1191 = LINE ( 'NONE', #447, #691 ) ;
#1192 = EDGE_CURVE ( 'NONE', #464, #1500, #1382, .T. ) ;
#1193 = ORIENTED_EDGE ( 'NONE', *, *, #534, .F. ) ;
#1194 = CARTESIAN_POINT ( 'NONE',  ( 188.2265848966628141, 79.09811519283384484, -224.2110494023042691 ) ) ;
#1195 = LINE ( 'NONE', #947, #857 ) ;
#1196 = AXIS2_PLACEMENT_3D ( 'NONE', #1276, #133, #1005 ) ;
#1197 = VECTOR ( 'NONE', #1535, 1000.000000000000114 ) ;
#1198 = DIRECTION ( 'NONE',  ( -0.5000000000000004441, -1.060575238724906175E-16, 0.8660254037844383745 ) ) ;
#1199 = ORIENTED_EDGE ( 'NONE', *, *, #232, .T. ) ;
#1200 = CARTESIAN_POINT ( 'NONE',  ( 186.4878857691415703, 87.09811519283385906, -287.5006361682775946 ) ) ;
#1201 = VERTEX_POINT ( 'NONE', #1145 ) ;
#1202 = DIRECTION ( 'NONE',  ( 0.000000000000000000, -1.000000000000000000, -1.224646799147353207E-16 ) ) ;
#1203 = DIRECTION ( 'NONE',  ( -0.000000000000000000, -1.000000000000000000, -1.224646799147353207E-16 ) ) ;
#1204 = EDGE_CURVE ( 'NONE', #1219, #1091, #749, .T. ) ;
#1205 = DIRECTION ( 'NONE',  ( 0.8660254037844778985, -6.123233995735929104E-17, 0.4999999999999318323 ) ) ;
#1206 = EDGE_LOOP ( 'NONE', ( #1221, #229, #1558 ) ) ;
#1207 = DIRECTION ( 'NONE',  ( 0.000000000000000000, 1.000000000000000000, 1.224646799147352961E-16 ) ) ;
#1208 = ORIENTED_EDGE ( 'NONE', *, *, #828, .F. ) ;
#1209 = EDGE_CURVE ( 'NONE', #761, #487, #1006, .T. ) ;
#1210 = DIRECTION ( 'NONE',  ( -0.8660254037844780095, 6.123233995735929104E-17, -0.4999999999999318323 ) ) ;
#1211 = VERTEX_POINT ( 'NONE', #1402 ) ;
#1212 = CARTESIAN_POINT ( 'NONE',  ( 107.4809427146271048, 64.09811519283384484, -155.9752049889472687 ) ) ;
#1213 = PLANE ( 'NONE',  #448 ) ;
#1214 = FACE_OUTER_BOUND ( 'NONE', #845, .T. ) ;
#1215 = EDGE_CURVE ( 'NONE', #1112, #1141, #1524, .T. ) ;
#1216 = ORIENTED_EDGE ( 'NONE', *, *, #1375, .F. ) ;
#1217 = VERTEX_POINT ( 'NONE', #759 ) ;
#1218 = CARTESIAN_POINT ( 'NONE',  ( 37.49273753209232041, 79.09811519283384484, -169.8765711180777203 ) ) ;
#1219 = VERTEX_POINT ( 'NONE', #248 ) ;
#1220 = LINE ( 'NONE', #459, #453 ) ;
#1221 = ORIENTED_EDGE ( 'NONE', *, *, #244, .F. ) ;
#1222 = DIRECTION ( 'NONE',  ( 0.000000000000000000, 1.224646799147353207E-16, -1.000000000000000000 ) ) ;
#1223 = LINE ( 'NONE', #1325, #389 ) ;
#1224 = VECTOR ( 'NONE', #382, 1000.000000000000227 ) ;
#1225 = ORIENTED_EDGE ( 'NONE', *, *, #1135, .F. ) ;
#1226 = VECTOR ( 'NONE', #704, 1000.000000000000114 ) ;
#1227 = VECTOR ( 'NONE', #288, 1000.000000000000000 ) ;
#1228 = ORIENTED_EDGE ( 'NONE', *, *, #1067, .F. ) ;
#1229 = AXIS2_PLACEMENT_3D ( 'NONE', #634, #1142, #881 ) ;
#1230 = FACE_OUTER_BOUND ( 'NONE', #1245, .T. ) ;
#1231 = ORIENTED_EDGE ( 'NONE', *, *, #1557, .F. ) ;
#1232 = CARTESIAN_POINT ( 'NONE',  ( 38.81210243460866138, 64.09811519283384484, -123.6398251055668709 ) ) ;
#1233 = DIRECTION ( 'NONE',  ( -0.5000000000000001110, 1.060575238724906545E-16, -0.8660254037844385966 ) ) ;
#1234 = DIRECTION ( 'NONE',  ( -0.000000000000000000, -1.000000000000000000, -1.224646799147353207E-16 ) ) ;
#1235 = VERTEX_POINT ( 'NONE', #1271 ) ;
#1236 = ORIENTED_EDGE ( 'NONE', *, *, #1409, .T. ) ;
#1237 = ORIENTED_EDGE ( 'NONE', *, *, #1508, .T. ) ;
#1238 = DIRECTION ( 'NONE',  ( -0.000000000000000000, -1.000000000000000000, -1.224646799147353207E-16 ) ) ;
#1239 = EDGE_LOOP ( 'NONE', ( #310, #1109, #569, #1002, #561, #731 ) ) ;
#1240 = EDGE_CURVE ( 'NONE', #572, #700, #1132, .T. ) ;
#1241 = FACE_OUTER_BOUND ( 'NONE', #218, .T. ) ;
#1242 = UNCERTAINTY_MEASURE_WITH_UNIT (LENGTH_MEASURE( 1.000000000000000082E-05 ), #340, 'distance_accuracy_value', 'NONE');
#1243 = LINE ( 'NONE', #1625, #991 ) ;
#1244 = ADVANCED_FACE ( 'NONE', ( #1027 ), #505, .T. ) ;
#1245 = EDGE_LOOP ( 'NONE', ( #419, #53, #1641 ) ) ;
#1246 = ADVANCED_FACE ( 'NONE', ( #125 ), #1645, .F. ) ;
#1247 = ORIENTED_EDGE ( 'NONE', *, *, #1615, .T. ) ;
#1248 = CARTESIAN_POINT ( 'NONE',  ( -59.86476303741910243, 79.09811519283384484, -113.7688366232470827 ) ) ;
#1249 = CARTESIAN_POINT ( 'NONE',  ( 188.2265848966628141, 64.09811519283385906, -224.2110494023042691 ) ) ;
#1250 = ORIENTED_EDGE ( 'NONE', *, *, #422, .F. ) ;
#1251 = CARTESIAN_POINT ( 'NONE',  ( -59.86476303742259830, 87.09811519283385906, -287.5006361682775946 ) ) ;
#1252 = ADVANCED_FACE ( 'NONE', ( #113 ), #352, .F. ) ;
#1253 = EDGE_CURVE ( 'NONE', #727, #471, #380, .T. ) ;
#1254 = LINE ( 'NONE', #1640, #1097 ) ;
#1255 = AXIS2_PLACEMENT_3D ( 'NONE', #187, #548, #697 ) ;
#1256 = ORIENTED_EDGE ( 'NONE', *, *, #568, .T. ) ;
#1257 = VECTOR ( 'NONE', #486, 1000.000000000000000 ) ;
#1258 = EDGE_LOOP ( 'NONE', ( #918, #67, #833, #802 ) ) ;
#1259 = APPLICATION_PROTOCOL_DEFINITION ( 'draft international standard', 'automotive_design', 1998, #1537 ) ;
#1260 = VECTOR ( 'NONE', #140, 1000.000000000000114 ) ;
#1261 = CARTESIAN_POINT ( 'NONE',  ( 149.4878857691416272, 79.09811519283385906, -231.4475593836961593 ) ) ;
#1262 = VECTOR ( 'NONE', #651, 1000.000000000000000 ) ;
#1263 = DIRECTION ( 'NONE',  ( 1.000000000000000000, 0.000000000000000000, 0.000000000000000000 ) ) ;
#1264 = DIRECTION ( 'NONE',  ( 0.000000000000000000, -1.000000000000000000, -1.224646799147353207E-16 ) ) ;
#1265 = EDGE_CURVE ( 'NONE', #949, #1327, #732, .T. ) ;
#1266 = ORIENTED_EDGE ( 'NONE', *, *, #879, .F. ) ;
#1267 =( NAMED_UNIT ( * ) SI_UNIT ( $, .STERADIAN. ) SOLID_ANGLE_UNIT ( ) );
#1268 = CARTESIAN_POINT ( 'NONE',  ( -62.46910321708280378, 64.09811519283385906, -225.2283962969114270 ) ) ;
#1269 = DIRECTION ( 'NONE',  ( 0.8660254037844387076, 6.123233995736762338E-17, -0.4999999999999998890 ) ) ;
#1270 = CARTESIAN_POINT ( 'NONE',  ( -59.86476303741910243, 79.09811519283384484, -113.7688366232470827 ) ) ;
#1271 = CARTESIAN_POINT ( 'NONE',  ( -22.86476303741909888, 79.09811519283384484, -102.3374028489612186 ) ) ;
#1272 = EDGE_CURVE ( 'NONE', #562, #204, #226, .T. ) ;
#1273 = LINE ( 'NONE', #1431, #1598 ) ;
#1274 = CARTESIAN_POINT ( 'NONE',  ( -22.86476303742259475, 87.09811519283384484, -219.5006361682775946 ) ) ;
#1275 = VECTOR ( 'NONE', #940, 1000.000000000000000 ) ;
#1276 = CARTESIAN_POINT ( 'NONE',  ( -22.86476303742259475, 87.09811519283384484, -219.5006361682775946 ) ) ;
#1277 = VECTOR ( 'NONE', #922, 1000.000000000000114 ) ;
#1278 = VECTOR ( 'NONE', #361, 1000.000000000000114 ) ;
#1279 = CARTESIAN_POINT ( 'NONE',  ( 186.4878857691415703, 79.09811519283384484, -219.5006361682775946 ) ) ;
#1280 = LINE ( 'NONE', #1293, #343 ) ;
#1281 = AXIS2_PLACEMENT_3D ( 'NONE', #1474, #585, #719 ) ;
#1282 = AXIS2_PLACEMENT_3D ( 'NONE', #190, #681, #844 ) ;
#1283 = FACE_OUTER_BOUND ( 'NONE', #1004, .T. ) ;
#1284 = ORIENTED_EDGE ( 'NONE', *, *, #181, .T. ) ;
#1285 = CARTESIAN_POINT ( 'NONE',  ( 149.4878857691416272, 79.09811519283385906, -287.5006361682775946 ) ) ;
#1286 = EDGE_CURVE ( 'NONE', #1211, #540, #99, .T. ) ;
#1287 = PLANE ( 'NONE',  #238 ) ;
#1288 = DIRECTION ( 'NONE',  ( -1.000000000000000000, 0.000000000000000000, 0.000000000000000000 ) ) ;
#1289 = EDGE_LOOP ( 'NONE', ( #170, #455, #839, #1546, #1341, #475, #1048 ) ) ;
#1290 = ADVANCED_FACE ( 'NONE', ( #1406 ), #885, .F. ) ;
#1291 = FACE_OUTER_BOUND ( 'NONE', #1239, .T. ) ;
#1292 = LINE ( 'NONE', #1062, #1262 ) ;
#1293 = CARTESIAN_POINT ( 'NONE',  ( 88.81210243460866138, 64.09811519283384484, -123.6398251055668851 ) ) ;
#1294 = ORIENTED_EDGE ( 'NONE', *, *, #105, .F. ) ;
#1295 = PLANE ( 'NONE',  #722 ) ;
#1296 = CARTESIAN_POINT ( 'NONE',  ( 95.11710548478349381, 64.09811519283384484, -199.3217798592311567 ) ) ;
#1297 = EDGE_CURVE ( 'NONE', #471, #564, #104, .T. ) ;
#1298 = VERTEX_POINT ( 'NONE', #1268 ) ;
#1299 = ORIENTED_EDGE ( 'NONE', *, *, #7, .T. ) ;
#1300 = DIRECTION ( 'NONE',  ( 0.000000000000000000, 1.000000000000000000, 1.224646799147352961E-16 ) ) ;
#1301 = VECTOR ( 'NONE', #489, 1000.000000000000000 ) ;
#1302 = VERTEX_POINT ( 'NONE', #1020 ) ;
#1303 = VECTOR ( 'NONE', #869, 1000.000000000000227 ) ;
#1304 = DIRECTION ( 'NONE',  ( -1.000000000000000000, 0.000000000000000000, 0.000000000000000000 ) ) ;
#1305 = CARTESIAN_POINT ( 'NONE',  ( 88.81210243460866138, 79.09811519283384484, -123.6398251055668851 ) ) ;
#1306 = AXIS2_PLACEMENT_3D ( 'NONE', #1452, #324, #832 ) ;
#1307 = AXIS2_PLACEMENT_3D ( 'NONE', #535, #1054, #674 ) ;
#1308 = ORIENTED_EDGE ( 'NONE', *, *, #683, .T. ) ;
#1309 = EDGE_CURVE ( 'NONE', #258, #1417, #376, .T. ) ;
#1310 = DIRECTION ( 'NONE',  ( 1.000000000000000000, 0.000000000000000000, 0.000000000000000000 ) ) ;
#1311 = CARTESIAN_POINT ( 'NONE',  ( 113.8121024346086188, 64.09811519283384484, -166.9410952947888802 ) ) ;
#1312 = ORIENTED_EDGE ( 'NONE', *, *, #967, .T. ) ;
#1313 = DIRECTION ( 'NONE',  ( 0.000000000000000000, 1.224646799147353207E-16, -1.000000000000000000 ) ) ;
#1314 = CARTESIAN_POINT ( 'NONE',  ( 186.4878857691415703, 79.09811519283385906, -287.5006361682775946 ) ) ;
#1315 = DIRECTION ( 'NONE',  ( 0.5000000000000003331, -1.060575238724906299E-16, 0.8660254037844383745 ) ) ;
#1316 = ORIENTED_EDGE ( 'NONE', *, *, #879, .T. ) ;
#1317 = CARTESIAN_POINT ( 'NONE',  ( -60.69835033648900691, 64.09811519283384484, -109.3616844969153163 ) ) ;
#1318 = ADVANCED_FACE ( 'NONE', ( #645 ), #135, .T. ) ;
#1319 = CARTESIAN_POINT ( 'NONE',  ( -59.86476303741910243, 79.09811519283384484, -113.7688366232470827 ) ) ;
#1320 = EDGE_CURVE ( 'NONE', #1338, #1112, #919, .T. ) ;
#1321 = DIRECTION ( 'NONE',  ( -0.8660254037844387076, -6.123233995736758640E-17, 0.4999999999999997224 ) ) ;
#1322 = EDGE_LOOP ( 'NONE', ( #871, #273, #823, #442, #1620 ) ) ;
#1323 = DIRECTION ( 'NONE',  ( 0.8660254037844780095, -6.123233995735930336E-17, 0.4999999999999318878 ) ) ;
#1324 = CARTESIAN_POINT ( 'NONE',  ( 20.11710548478345828, 64.09811519283384484, -156.0205096700092327 ) ) ;
#1325 = CARTESIAN_POINT ( 'NONE',  ( 95.11710548478350802, 64.09811519283385906, -199.3217798592311567 ) ) ;
#1326 = EDGE_LOOP ( 'NONE', ( #818, #94, #1634, #1157, #778, #1093 ) ) ;
#1327 = VERTEX_POINT ( 'NONE', #1311 ) ;
#1328 = DIRECTION ( 'NONE',  ( -1.000000000000000000, 0.000000000000000000, 0.000000000000000000 ) ) ;
#1329 = CARTESIAN_POINT ( 'NONE',  ( -59.86476303742259830, 87.09811519283385906, -287.5006361682775946 ) ) ;
#1330 = VERTEX_POINT ( 'NONE', #1040 ) ;
#1331 = ADVANCED_FACE ( 'NONE', ( #926 ), #11, .F. ) ;
#1332 = PLANE ( 'NONE',  #1021 ) ;
#1333 = CARTESIAN_POINT ( 'NONE',  ( 149.4878857691416556, 79.09811519283384484, -102.8549716491144466 ) ) ;
#1334 = VECTOR ( 'NONE', #124, 1000.000000000000000 ) ;
#1335 = VECTOR ( 'NONE', #913, 1000.000000000000000 ) ;
#1336 = PLANE ( 'NONE',  #1255 ) ;
#1337 = VECTOR ( 'NONE', #1350, 1000.000000000000000 ) ;
#1338 = VERTEX_POINT ( 'NONE', #1033 ) ;
#1339 = ORIENTED_EDGE ( 'NONE', *, *, #980, .T. ) ;
#1340 = CARTESIAN_POINT ( 'NONE',  ( 32.61710548478350091, 64.09811519283384484, -134.3698745753982848 ) ) ;
#1341 = ORIENTED_EDGE ( 'NONE', *, *, #150, .F. ) ;
#1342 = DIRECTION ( 'NONE',  ( 0.5000000000000003331, -1.060575238724906299E-16, 0.8660254037844383745 ) ) ;
#1343 = DIRECTION ( 'NONE',  ( -0.000000000000000000, -1.000000000000000000, -1.224646799147353207E-16 ) ) ;
#1344 = DIRECTION ( 'NONE',  ( 1.000000000000000000, 0.000000000000000000, 0.000000000000000000 ) ) ;
#1345 = ORIENTED_EDGE ( 'NONE', *, *, #623, .F. ) ;
#1346 = ORIENTED_EDGE ( 'NONE', *, *, #973, .F. ) ;
#1347 = CARTESIAN_POINT ( 'NONE',  ( 175.3821228540478785, 64.09811519283383063, -91.19880449465743766 ) ) ;
#1348 = EDGE_CURVE ( 'NONE', #1351, #1102, #1550, .T. ) ;
#1349 = ORIENTED_EDGE ( 'NONE', *, *, #1420, .T. ) ;
#1350 = DIRECTION ( 'NONE',  ( -0.000000000000000000, -1.000000000000000000, -1.224646799147353207E-16 ) ) ;
#1351 = VERTEX_POINT ( 'NONE', #1556 ) ;
#1352 = CARTESIAN_POINT ( 'NONE',  ( -22.86476303742259475, 79.09811519283384484, -219.5006361682775946 ) ) ;
#1353 = LINE ( 'NONE', #957, #520 ) ;
#1354 = ORIENTED_EDGE ( 'NONE', *, *, #393, .F. ) ;
#1355 = EDGE_CURVE ( 'NONE', #544, #1448, #1533, .T. ) ;
#1356 = ORIENTED_EDGE ( 'NONE', *, *, #1389, .F. ) ;
#1357 = CARTESIAN_POINT ( 'NONE',  ( 88.81210243460866138, 64.09811519283384484, -123.6398251055668851 ) ) ;
#1358 = ORIENTED_EDGE ( 'NONE', *, *, #1272, .T. ) ;
#1359 = LINE ( 'NONE', #169, #1371 ) ;
#1360 = EDGE_LOOP ( 'NONE', ( #224, #663, #601, #348 ) ) ;
#1361 = CARTESIAN_POINT ( 'NONE',  ( 173.9558320160814162, 64.09811519283383063, -88.72839629692902008 ) ) ;
#1362 = CARTESIAN_POINT ( 'NONE',  ( 88.81210243460866138, 79.09811519283384484, -123.6398251055668851 ) ) ;
#1363 = PLANE ( 'NONE',  #367 ) ;
#1364 = AXIS2_PLACEMENT_3D ( 'NONE', #1161, #1036, #136 ) ;
#1365 = VERTEX_POINT ( 'NONE', #254 ) ;
#1366 = VECTOR ( 'NONE', #319, 1000.000000000000227 ) ;
#1367 = VERTEX_POINT ( 'NONE', #1427 ) ;
#1368 = VECTOR ( 'NONE', #1222, 1000.000000000000000 ) ;
#1369 = EDGE_CURVE ( 'NONE', #204, #1365, #386, .T. ) ;
#1370 = ORIENTED_EDGE ( 'NONE', *, *, #916, .F. ) ;
#1371 = VECTOR ( 'NONE', #1321, 1000.000000000000114 ) ;
#1372 = ORIENTED_EDGE ( 'NONE', *, *, #902, .T. ) ;
#1373 = CARTESIAN_POINT ( 'NONE',  ( 49.09195060474014127, 64.09811519283384484, -189.6861053012953278 ) ) ;
#1374 = DIRECTION ( 'NONE',  ( -1.000000000000000000, 0.000000000000000000, 0.000000000000000000 ) ) ;
#1375 = EDGE_CURVE ( 'NONE', #1578, #1112, #777, .T. ) ;
#1376 = VERTEX_POINT ( 'NONE', #773 ) ;
#1377 = VERTEX_POINT ( 'NONE', #1285 ) ;
#1378 = PRODUCT_DEFINITION ( 'ๆ', '', #110, #1169 ) ;
#1379 = LINE ( 'NONE', #223, #1257 ) ;
#1380 = VERTEX_POINT ( 'NONE', #784 ) ;
#1381 = EDGE_CURVE ( 'NONE', #300, #1076, #1292, .T. ) ;
#1382 = LINE ( 'NONE', #741, #346 ) ;
#1383 = DIRECTION ( 'NONE',  ( -1.000000000000000000, 0.000000000000000000, 0.000000000000000000 ) ) ;
#1384 = VERTEX_POINT ( 'NONE', #17 ) ;
#1385 = ORIENTED_EDGE ( 'NONE', *, *, #7, .F. ) ;
#1386 = CARTESIAN_POINT ( 'NONE',  ( -48.19835033648805478, 79.09811519283383063, -87.71104940230488012 ) ) ;
#1387 = CARTESIAN_POINT ( 'NONE',  ( -22.86476303741909888, 87.09811519283383063, -113.7688366232470827 ) ) ;
#1388 = LINE ( 'NONE', #233, #390 ) ;
#1389 = EDGE_CURVE ( 'NONE', #858, #1235, #162, .T. ) ;
#1390 = LINE ( 'NONE', #100, #583 ) ;
#1391 = VECTOR ( 'NONE', #463, 1000.000000000000000 ) ;
#1392 = VERTEX_POINT ( 'NONE', #146 ) ;
#1393 = COLOUR_RGB ( '',0.7921568627450980005, 0.8196078431372548767, 0.9333333333333333481 ) ;
#1394 = AXIS2_PLACEMENT_3D ( 'NONE', #82, #1077, #1342 ) ;
#1395 = VECTOR ( 'NONE', #563, 1000.000000000000000 ) ;
#1396 = DIRECTION ( 'NONE',  ( -0.8660254037844387076, -6.123233995736758640E-17, 0.4999999999999997224 ) ) ;
#1397 = EDGE_CURVE ( 'NONE', #371, #858, #658, .T. ) ;
#1398 = CARTESIAN_POINT ( 'NONE',  ( -53.06493893699723685, 79.09811519283384484, -113.7688366232470827 ) ) ;
#1399 = ORIENTED_EDGE ( 'NONE', *, *, #752, .F. ) ;
#1400 =( NAMED_UNIT ( * ) PLANE_ANGLE_UNIT ( ) SI_UNIT ( $, .RADIAN. ) );
#1401 = CARTESIAN_POINT ( 'NONE',  ( 186.4878857691415703, 79.09811519283385906, -287.5006361682775946 ) ) ;
#1402 = CARTESIAN_POINT ( 'NONE',  ( -22.86476303741909888, 87.09811519283383063, -113.7688366232470827 ) ) ;
#1403 = LINE ( 'NONE', #19, #281 ) ;
#1404 = ORIENTED_EDGE ( 'NONE', *, *, #194, .T. ) ;
#1405 = EDGE_CURVE ( 'NONE', #1083, #111, #26, .T. ) ;
#1406 = FACE_OUTER_BOUND ( 'NONE', #1489, .T. ) ;
#1407 = FACE_OUTER_BOUND ( 'NONE', #1108, .T. ) ;
#1408 = PLANE ( 'NONE',  #341 ) ;
#1409 = EDGE_CURVE ( 'NONE', #937, #718, #1178, .T. ) ;
#1410 = PLANE ( 'NONE',  #129 ) ;
#1411 = VECTOR ( 'NONE', #493, 1000.000000000000114 ) ;
#1412 = VECTOR ( 'NONE', #1396, 1000.000000000000114 ) ;
#1413 = CARTESIAN_POINT ( 'NONE',  ( 175.7265848966628141, 64.09811519283385906, -245.8616844969152169 ) ) ;
#1414 = LINE ( 'NONE', #1042, #184 ) ;
#1415 = CARTESIAN_POINT ( 'NONE',  ( 186.4878857691415988, 87.09811519283381642, -45.49402122909149426 ) ) ;
#1416 = ADVANCED_FACE ( 'NONE', ( #668 ), #34, .T. ) ;
#1417 = VERTEX_POINT ( 'NONE', #407 ) ;
#1418 = LINE ( 'NONE', #1425, #720 ) ;
#1419 = DIRECTION ( 'NONE',  ( 0.000000000000000000, -1.224646799147353207E-16, 1.000000000000000000 ) ) ;
#1420 = EDGE_CURVE ( 'NONE', #1327, #117, #1184, .T. ) ;
#1421 = CARTESIAN_POINT ( 'NONE',  ( 88.81210243460863296, 64.09811519283384484, -210.2423654840108043 ) ) ;
#1422 = UNCERTAINTY_MEASURE_WITH_UNIT (LENGTH_MEASURE( 1.000000000000000082E-05 ), #1011, 'distance_accuracy_value', 'NONE');
#1423 = DIRECTION ( 'NONE',  ( -0.4999999999999995559, -1.060575238724906915E-16, 0.8660254037844389297 ) ) ;
#1424 = FACE_OUTER_BOUND ( 'NONE', #201, .T. ) ;
#1425 = CARTESIAN_POINT ( 'NONE',  ( 188.2265848966628141, 79.09811519283384484, -224.2110494023042691 ) ) ;
#1426 = ORIENTED_EDGE ( 'NONE', *, *, #1090, .F. ) ;
#1427 = CARTESIAN_POINT ( 'NONE',  ( -59.86476303742259830, 79.09811519283384484, -219.5006361682775946 ) ) ;
#1428 = CARTESIAN_POINT ( 'NONE',  ( 88.81210243460866138, 64.09811519283384484, -123.6398251055668851 ) ) ;
#1429 = ORIENTED_EDGE ( 'NONE', *, *, #1022, .T. ) ;
#1430 = CARTESIAN_POINT ( 'NONE',  ( 149.4878857691416272, 79.09811519283385906, -231.4475593836961593 ) ) ;
#1431 = CARTESIAN_POINT ( 'NONE',  ( 149.4878857691416272, 87.09811519283384484, -219.5006361682775946 ) ) ;
#1432 = EDGE_CURVE ( 'NONE', #101, #1083, #936, .T. ) ;
#1433 = ORIENTED_EDGE ( 'NONE', *, *, #1562, .F. ) ;
#1434 = CARTESIAN_POINT ( 'NONE',  ( 186.4878857691415988, 87.09811519283381642, -45.49402122909149426 ) ) ;
#1435 = DIRECTION ( 'NONE',  ( 0.000000000000000000, 1.000000000000000000, 1.224646799147352961E-16 ) ) ;
#1436 = ORIENTED_EDGE ( 'NONE', *, *, #742, .F. ) ;
#1437 = AXIS2_PLACEMENT_3D ( 'NONE', #499, #1023, #1151 ) ;
#1438 = DIRECTION ( 'NONE',  ( -1.000000000000000000, -1.444447458290426616E-32, 1.188285581044112613E-16 ) ) ;
#1439 = CARTESIAN_POINT ( 'NONE',  ( -22.86476303741909888, 79.09811519283384484, -113.7688366232470827 ) ) ;
#1440 = VECTOR ( 'NONE', #36, 1000.000000000000114 ) ;
#1441 = VECTOR ( 'NONE', #710, 1000.000000000000000 ) ;
#1442 = EDGE_CURVE ( 'NONE', #1298, #42, #1191, .T. ) ;
#1443 = EDGE_CURVE ( 'NONE', #700, #487, #1447, .T. ) ;
#1444 = CARTESIAN_POINT ( 'NONE',  ( 19.98094271462365867, 64.09811519283384484, -177.6258400835523332 ) ) ;
#1445 = DIRECTION ( 'NONE',  ( -0.000000000000000000, -1.000000000000000000, -1.224646799147353207E-16 ) ) ;
#1446 = CARTESIAN_POINT ( 'NONE',  ( 188.2265848966628141, 64.09811519283385906, -224.2110494023042691 ) ) ;
#1447 = LINE ( 'NONE', #1484, #1395 ) ;
#1448 = VERTEX_POINT ( 'NONE', #701 ) ;
#1449 = CARTESIAN_POINT ( 'NONE',  ( 49.09195060474014127, 79.09811519283384484, -189.6861053012953278 ) ) ;
#1450 = DIRECTION ( 'NONE',  ( 0.000000000000000000, 1.224646799147353207E-16, -1.000000000000000000 ) ) ;
#1451 = PLANE ( 'NONE',  #22 ) ;
#1452 = CARTESIAN_POINT ( 'NONE',  ( -22.86476303742259475, 87.09811519283385906, -287.5006361682775946 ) ) ;
#1453 = EDGE_CURVE ( 'NONE', #1076, #1367, #1220, .T. ) ;
#1454 = CARTESIAN_POINT ( 'NONE',  ( 36.59195060474183947, 64.09811519283384484, -168.0354702066833568 ) ) ;
#1455 = ORIENTED_EDGE ( 'NONE', *, *, #945, .T. ) ;
#1456 = DIRECTION ( 'NONE',  ( 0.8660254037844778985, -6.123233995735929104E-17, 0.4999999999999318323 ) ) ;
#1457 = DIRECTION ( 'NONE',  ( -0.4999999999999996114, 1.060575238724907038E-16, -0.8660254037844389297 ) ) ;
#1458 = FACE_OUTER_BOUND ( 'NONE', #1258, .T. ) ;
#1459 = ORIENTED_EDGE ( 'NONE', *, *, #1397, .F. ) ;
#1460 = ORIENTED_EDGE ( 'NONE', *, *, #851, .T. ) ;
#1461 = DIRECTION ( 'NONE',  ( 0.8660254037844778985, -6.123233995735929104E-17, 0.4999999999999318323 ) ) ;
#1462 = EDGE_CURVE ( 'NONE', #1076, #1219, #1082, .T. ) ;
#1463 = DIRECTION ( 'NONE',  ( 0.000000000000000000, 1.224646799147353207E-16, -1.000000000000000000 ) ) ;
#1464 = ORIENTED_EDGE ( 'NONE', *, *, #843, .T. ) ;
#1465 = LINE ( 'NONE', #846, #769 ) ;
#1466 = FACE_OUTER_BOUND ( 'NONE', #1055, .T. ) ;
#1467 = VECTOR ( 'NONE', #1328, 1000.000000000000000 ) ;
#1468 = VECTOR ( 'NONE', #1503, 1000.000000000000227 ) ;
#1469 = CARTESIAN_POINT ( 'NONE',  ( 186.4878857691415988, 87.09811519283381642, -45.49402122909149426 ) ) ;
#1470 = AXIS2_PLACEMENT_3D ( 'NONE', #1621, #1513, #473 ) ;
#1471 = VERTEX_POINT ( 'NONE', #595 ) ;
#1472 = LINE ( 'NONE', #550, #1540 ) ;
#1473 = VERTEX_POINT ( 'NONE', #1074 ) ;
#1474 = CARTESIAN_POINT ( 'NONE',  ( 149.4878857691416272, 79.09811519283385906, -231.4475593836961593 ) ) ;
#1475 = ORIENTED_EDGE ( 'NONE', *, *, #1369, .F. ) ;
#1476 = CARTESIAN_POINT ( 'NONE',  ( -59.86476303741910243, 87.09811519283381642, -45.76883662324707558 ) ) ;
#1477 = DIRECTION ( 'NONE',  ( -0.8660254037844388186, -6.123233995736757408E-17, 0.4999999999999996114 ) ) ;
#1478 = PLANE ( 'NONE',  #717 ) ;
#1479 = ADVANCED_FACE ( 'NONE', ( #90 ), #965, .T. ) ;
#1480 = VERTEX_POINT ( 'NONE', #62 ) ;
#1481 = ORIENTED_EDGE ( 'NONE', *, *, #575, .T. ) ;
#1482 = CARTESIAN_POINT ( 'NONE',  ( 49.09195060474014127, 79.09811519283384484, -189.6861053012953278 ) ) ;
#1483 = ORIENTED_EDGE ( 'NONE', *, *, #492, .T. ) ;
#1484 = CARTESIAN_POINT ( 'NONE',  ( -59.86476303742259830, 87.09811519283385906, -287.5006361682775946 ) ) ;
#1485 = ORIENTED_EDGE ( 'NONE', *, *, #482, .T. ) ;
#1486 = CARTESIAN_POINT ( 'NONE',  ( 32.48094271462366578, 79.09811519283384484, -199.2764751781633379 ) ) ;
#1487 = ADVANCED_FACE ( 'NONE', ( #1230 ), #334, .F. ) ;
#1488 = FACE_OUTER_BOUND ( 'NONE', #20, .T. ) ;
#1489 = EDGE_LOOP ( 'NONE', ( #109, #983, #425, #994, #1166 ) ) ;
#1490 = EDGE_LOOP ( 'NONE', ( #1061, #721, #1284, #536 ) ) ;
#1491 = ADVANCED_FACE ( 'NONE', ( #1104 ), #692, .F. ) ;
#1492 = LINE ( 'NONE', #755, #87 ) ;
#1493 = ORIENTED_EDGE ( 'NONE', *, *, #543, .F. ) ;
#1494 = PLANE ( 'NONE',  #1571 ) ;
#1495 = LINE ( 'NONE', #517, #586 ) ;
#1496 = CARTESIAN_POINT ( 'NONE',  ( 149.4878857691416272, 79.09811519283385906, -231.4475593836961593 ) ) ;
#1497 = AXIS2_PLACEMENT_3D ( 'NONE', #139, #1547, #650 ) ;
#1498 = EDGE_CURVE ( 'NONE', #989, #464, #976, .T. ) ;
#1499 = VECTOR ( 'NONE', #898, 1000.000000000000000 ) ;
#1500 = VERTEX_POINT ( 'NONE', #465 ) ;
#1501 = ORIENTED_EDGE ( 'NONE', *, *, #1442, .T. ) ;
#1502 = ORIENTED_EDGE ( 'NONE', *, *, #655, .F. ) ;
#1503 = DIRECTION ( 'NONE',  ( 0.5000000000000003331, -1.060575238724906175E-16, 0.8660254037844383745 ) ) ;
#1504 = CARTESIAN_POINT ( 'NONE',  ( -22.86476303741909888, 87.09811519283383063, -113.7688366232470827 ) ) ;
#1505 = EDGE_LOOP ( 'NONE', ( #1256, #76, #707, #1506 ) ) ;
#1506 = ORIENTED_EDGE ( 'NONE', *, *, #1515, .T. ) ;
#1507 =( NAMED_UNIT ( * ) SI_UNIT ( $, .STERADIAN. ) SOLID_ANGLE_UNIT ( ) );
#1508 = EDGE_CURVE ( 'NONE', #679, #1351, #953, .T. ) ;
#1509 = DIRECTION ( 'NONE',  ( -1.000000000000000000, 0.000000000000000000, 0.000000000000000000 ) ) ;
#1510 = DIRECTION ( 'NONE',  ( 0.8660254037844391517, -6.123233995736754943E-17, 0.4999999999999991673 ) ) ;
#1511 = LINE ( 'NONE', #115, #1391 ) ;
#1512 = EDGE_LOOP ( 'NONE', ( #872, #790, #982, #574, #1052 ) ) ;
#1513 = DIRECTION ( 'NONE',  ( 0.000000000000000000, 0.000000000000000000, 1.000000000000000000 ) ) ;
#1514 = DIRECTION ( 'NONE',  ( 0.000000000000000000, 1.000000000000000000, 1.224646799147352961E-16 ) ) ;
#1515 = EDGE_CURVE ( 'NONE', #835, #1471, #179, .T. ) ;
#1516 = DIRECTION ( 'NONE',  ( -1.000000000000000000, 0.000000000000000000, 0.000000000000000000 ) ) ;
#1517 = CARTESIAN_POINT ( 'NONE',  ( -22.86476303741909888, 79.09811519283384484, -113.7688366232470827 ) ) ;
#1518 = VECTOR ( 'NONE', #1234, 1000.000000000000000 ) ;
#1519 = EDGE_LOOP ( 'NONE', ( #1225, #1595, #1358, #672, #315 ) ) ;
#1520 = VECTOR ( 'NONE', #766, 1000.000000000000227 ) ;
#1521 = DIRECTION ( 'NONE',  ( 0.000000000000000000, -1.224646799147353207E-16, 1.000000000000000000 ) ) ;
#1522 = VECTOR ( 'NONE', #715, 1000.000000000000000 ) ;
#1523 = DIRECTION ( 'NONE',  ( -0.8660254037844387076, -6.123233995736758640E-17, 0.4999999999999997224 ) ) ;
#1524 = LINE ( 'NONE', #892, #1468 ) ;
#1525 = PLANE ( 'NONE',  #1437 ) ;
#1526 = EDGE_LOOP ( 'NONE', ( #470, #122, #698, #1120, #1345, #584 ) ) ;
#1527 = SURFACE_STYLE_FILL_AREA ( #1643 ) ;
#1528 = CARTESIAN_POINT ( 'NONE',  ( 88.81210243460866138, 64.09811519283384484, -123.6398251055668851 ) ) ;
#1529 = PLANE ( 'NONE',  #1565 ) ;
#1530 = EDGE_CURVE ( 'NONE', #1083, #182, #1359, .T. ) ;
#1531 = LINE ( 'NONE', #469, #50 ) ;
#1532 = CARTESIAN_POINT ( 'NONE',  ( -59.86476303741910243, 87.09811519283381642, -45.76883662324707558 ) ) ;
#1533 = LINE ( 'NONE', #1566, #1335 ) ;
#1534 = EDGE_CURVE ( 'NONE', #272, #1134, #207, .T. ) ;
#1535 = DIRECTION ( 'NONE',  ( -0.8660254037844387076, -6.123233995736758640E-17, 0.4999999999999997224 ) ) ;
#1536 = DIRECTION ( 'NONE',  ( -0.4999999999999318323, -1.060575238724954616E-16, 0.8660254037844780095 ) ) ;
#1537 = APPLICATION_CONTEXT ( 'automotive_design' ) ;
#1538 = ORIENTED_EDGE ( 'NONE', *, *, #1135, .T. ) ;
#1539 = AXIS2_PLACEMENT_3D ( 'NONE', #1096, #1561, #1315 ) ;
#1540 = VECTOR ( 'NONE', #198, 1000.000000000000000 ) ;
#1541 = AXIS2_PLACEMENT_3D ( 'NONE', #1139, #636, #1639 ) ;
#1542 = CARTESIAN_POINT ( 'NONE',  ( -22.86476303741909888, 87.09811519283381642, -45.76883662324707558 ) ) ;
#1543 = VECTOR ( 'NONE', #1463, 1000.000000000000000 ) ;
#1544 = DIRECTION ( 'NONE',  ( -0.000000000000000000, -1.000000000000000000, -1.224646799147353207E-16 ) ) ;
#1545 = DIRECTION ( 'NONE',  ( -0.000000000000000000, -1.000000000000000000, -1.224646799147353207E-16 ) ) ;
#1546 = ORIENTED_EDGE ( 'NONE', *, *, #1409, .F. ) ;
#1547 = DIRECTION ( 'NONE',  ( -1.000000000000000000, 0.000000000000000000, 0.000000000000000000 ) ) ;
#1548 = ORIENTED_EDGE ( 'NONE', *, *, #228, .F. ) ;
#1549 = EDGE_CURVE ( 'NONE', #700, #1480, #811, .T. ) ;
#1550 = LINE ( 'NONE', #401, #524 ) ;
#1551 = ORIENTED_EDGE ( 'NONE', *, *, #575, .F. ) ;
#1552 = LINE ( 'NONE', #796, #502 ) ;
#1553 = CARTESIAN_POINT ( 'NONE',  ( 38.81210243460860454, 64.09811519283384484, -210.2423654840108043 ) ) ;
#1554 = ORIENTED_EDGE ( 'NONE', *, *, #1635, .T. ) ;
#1555 = CARTESIAN_POINT ( 'NONE',  ( 188.2265848966628141, 79.09811519283384484, -224.2110494023042691 ) ) ;
#1556 = CARTESIAN_POINT ( 'NONE',  ( -59.86476303741910243, 79.09811519283384484, -107.9178689423822988 ) ) ;
#1557 = EDGE_CURVE ( 'NONE', #1235, #540, #326, .T. ) ;
#1558 = ORIENTED_EDGE ( 'NONE', *, *, #730, .F. ) ;
#1559 = CARTESIAN_POINT ( 'NONE',  ( -22.86476303741909888, 79.09811519283383063, -45.76883662324707558 ) ) ;
#1560 = DIRECTION ( 'NONE',  ( 0.000000000000000000, 1.224646799147353207E-16, -1.000000000000000000 ) ) ;
#1561 = DIRECTION ( 'NONE',  ( -0.8660254037844384856, -6.123233995736768501E-17, 0.5000000000000004441 ) ) ;
#1562 = EDGE_CURVE ( 'NONE', #206, #1119, #313, .T. ) ;
#1563 = FACE_OUTER_BOUND ( 'NONE', #667, .T. ) ;
#1564 = CARTESIAN_POINT ( 'NONE',  ( 107.4809427146271048, 79.09811519283384484, -155.9752049889472687 ) ) ;
#1565 = AXIS2_PLACEMENT_3D ( 'NONE', #1553, #1029, #1423 ) ;
#1566 = CARTESIAN_POINT ( 'NONE',  ( 186.4878857691415988, 79.09811519283384484, -113.4940212290915014 ) ) ;
#1567 = VECTOR ( 'NONE', #1043, 1000.000000000000114 ) ;
#1568 = VERTEX_POINT ( 'NONE', #1340 ) ;
#1569 = DIRECTION ( 'NONE',  ( 0.000000000000000000, 1.224646799147353207E-16, -1.000000000000000000 ) ) ;
#1570 = PLANE ( 'NONE',  #767 ) ;
#1571 = AXIS2_PLACEMENT_3D ( 'NONE', #192, #344, #1202 ) ;
#1572 = EDGE_CURVE ( 'NONE', #154, #718, #71, .T. ) ;
#1573 = CARTESIAN_POINT ( 'NONE',  ( -59.86476303741910243, 87.09811519283383063, -113.7688366232470827 ) ) ;
#1574 = ORIENTED_EDGE ( 'NONE', *, *, #1582, .F. ) ;
#1575 = CARTESIAN_POINT ( 'NONE',  ( 88.81210243460866138, 64.09811519283384484, -123.6398251055668851 ) ) ;
#1576 = DIRECTION ( 'NONE',  ( -0.4999999999999995559, -1.060575238724906792E-16, 0.8660254037844389297 ) ) ;
#1577 = CARTESIAN_POINT ( 'NONE',  ( 149.4878857691416556, 79.09811519283384484, -113.4940212290915014 ) ) ;
#1578 = VERTEX_POINT ( 'NONE', #573 ) ;
#1579 = DIRECTION ( 'NONE',  ( -0.4999999999999998890, 1.060575238724906668E-16, -0.8660254037844387076 ) ) ;
#1580 = PLANE ( 'NONE',  #614 ) ;
#1581 = LINE ( 'NONE', #678, #234 ) ;
#1582 = EDGE_CURVE ( 'NONE', #821, #239, #1092, .T. ) ;
#1583 = ORIENTED_EDGE ( 'NONE', *, *, #116, .T. ) ;
#1584 = EDGE_LOOP ( 'NONE', ( #1193, #507, #1372, #103, #432 ) ) ;
#1585 = DIRECTION ( 'NONE',  ( 0.000000000000000000, -1.224646799147353207E-16, 1.000000000000000000 ) ) ;
#1586 = ORIENTED_EDGE ( 'NONE', *, *, #29, .F. ) ;
#1587 = EDGE_CURVE ( 'NONE', #1377, #840, #621, .T. ) ;
#1588 = LINE ( 'NONE', #1212, #1129 ) ;
#1589 = LINE ( 'NONE', #1057, #1226 ) ;
#1590 = FACE_OUTER_BOUND ( 'NONE', #1505, .T. ) ;
#1591 = CARTESIAN_POINT ( 'NONE',  ( 107.6171054847835080, 64.09811519283385906, -177.6711447646202089 ) ) ;
#1592 = EDGE_CURVE ( 'NONE', #1338, #42, #1492, .T. ) ;
#1593 = ORIENTED_EDGE ( 'NONE', *, *, #1022, .F. ) ;
#1594 = CARTESIAN_POINT ( 'NONE',  ( -48.19835033648805478, 64.09811519283383063, -87.71104940230488012 ) ) ;
#1595 = ORIENTED_EDGE ( 'NONE', *, *, #279, .F. ) ;
#1596 = FACE_OUTER_BOUND ( 'NONE', #1081, .T. ) ;
#1597 = LINE ( 'NONE', #430, #1041 ) ;
#1598 = VECTOR ( 'NONE', #278, 1000.000000000000000 ) ;
#1599 = VECTOR ( 'NONE', #403, 1000.000000000000000 ) ;
#1600 = DIRECTION ( 'NONE',  ( 1.000000000000000000, 1.502225356622044239E-32, -1.222980050563649248E-16 ) ) ;
#1601 = ORIENTED_EDGE ( 'NONE', *, *, #317, .T. ) ;
#1602 = ORIENTED_EDGE ( 'NONE', *, *, #1432, .F. ) ;
#1603 = LINE ( 'NONE', #457, #25 ) ;
#1604 = ORIENTED_EDGE ( 'NONE', *, *, #655, .T. ) ;
#1605 = DIRECTION ( 'NONE',  ( 0.8660254037844780095, -6.123233995735927871E-17, 0.4999999999999317768 ) ) ;
#1606 = ORIENTED_EDGE ( 'NONE', *, *, #1616, .T. ) ;
#1607 = ADVANCED_FACE ( 'NONE', ( #610 ), #1128, .T. ) ;
#1608 = LINE ( 'NONE', #1232, #4 ) ;
#1609 = CARTESIAN_POINT ( 'NONE',  ( 188.2265848966628141, 64.09811519283385906, -224.2110494023042691 ) ) ;
#1610 = EDGE_LOOP ( 'NONE', ( #338, #812, #830, #1583 ) ) ;
#1611 = EDGE_LOOP ( 'NONE', ( #1294, #1266, #32, #1475, #1483 ) ) ;
#1612 = DIRECTION ( 'NONE',  ( 1.000000000000000000, 0.000000000000000000, 0.000000000000000000 ) ) ;
#1613 = VERTEX_POINT ( 'NONE', #628 ) ;
#1614 = PLANE ( 'NONE',  #641 ) ;
#1615 = EDGE_CURVE ( 'NONE', #572, #761, #217, .T. ) ;
#1616 = EDGE_CURVE ( 'NONE', #842, #1351, #1016, .T. ) ;
#1617 = DIRECTION ( 'NONE',  ( -0.4999999999999998890, 1.060575238724906668E-16, -0.8660254037844387076 ) ) ;
#1618 = ORIENTED_EDGE ( 'NONE', *, *, #373, .F. ) ;
#1619 = EDGE_CURVE ( 'NONE', #564, #1471, #984, .T. ) ;
#1620 = ORIENTED_EDGE ( 'NONE', *, *, #1397, .T. ) ;
#1621 = CARTESIAN_POINT ( 'NONE',  ( 0.000000000000000000, 0.000000000000000000, 0.000000000000000000 ) ) ;
#1622 = VERTEX_POINT ( 'NONE', #246 ) ;
#1623 = DIRECTION ( 'NONE',  ( 0.8660254037844780095, -6.123233995735927871E-17, 0.4999999999999317768 ) ) ;
#1624 = VECTOR ( 'NONE', #981, 1000.000000000000000 ) ;
#1625 = CARTESIAN_POINT ( 'NONE',  ( 36.59195060474183947, 79.09811519283384484, -168.0354702066833568 ) ) ;
#1626 = VECTOR ( 'NONE', #1576, 1000.000000000000114 ) ;
#1627 = VECTOR ( 'NONE', #12, 1000.000000000000000 ) ;
#1628 = ORIENTED_EDGE ( 'NONE', *, *, #78, .T. ) ;
#1629 = ORIENTED_EDGE ( 'NONE', *, *, #801, .T. ) ;
#1630 = DIRECTION ( 'NONE',  ( -0.000000000000000000, -1.000000000000000000, -1.224646799147353207E-16 ) ) ;
#1631 = EDGE_LOOP ( 'NONE', ( #322, #745, #72, #35 ) ) ;
#1632 = DIRECTION ( 'NONE',  ( 0.4999999999999991673, 1.060575238724907161E-16, -0.8660254037844391517 ) ) ;
#1633 = CARTESIAN_POINT ( 'NONE',  ( 186.4558320160797109, 64.09811519283384484, -110.3790313915409769 ) ) ;
#1634 = ORIENTED_EDGE ( 'NONE', *, *, #1381, .T. ) ;
#1635 = EDGE_CURVE ( 'NONE', #1365, #840, #496, .T. ) ;
#1636 = ORIENTED_EDGE ( 'NONE', *, *, #1442, .F. ) ;
#1637 = SHAPE_DEFINITION_REPRESENTATION ( #41, #1031 ) ;
#1638 = CARTESIAN_POINT ( 'NONE',  ( -22.86476303742259475, 87.09811519283384484, -219.5006361682775946 ) ) ;
#1639 = DIRECTION ( 'NONE',  ( 0.000000000000000000, 1.000000000000000000, 1.224646799147353207E-16 ) ) ;
#1640 = CARTESIAN_POINT ( 'NONE',  ( 38.81210243460860454, 64.09811519283384484, -210.2423654840108043 ) ) ;
#1641 = ORIENTED_EDGE ( 'NONE', *, *, #228, .T. ) ;
#1642 = DIRECTION ( 'NONE',  ( 9.023222855103305796E-33, -1.000000000000000000, -1.224646799147352961E-16 ) ) ;
#1643 = FILL_AREA_STYLE ('',( #882 ) ) ;
#1644 = EDGE_CURVE ( 'NONE', #1392, #1119, #602, .T. ) ;
#1645 = PLANE ( 'NONE',  #1069 ) ;
ENDSEC;
END-ISO-10303-21;
